spectrum_index,sample_title,original_label,pred_frozen_backbone,pred_finetune_backbone,score_frozen_backbone,score_finetune_backbone
0,"IISER Tirupati 260625 29BTBI serum
cpmg short",Day4,Day1,Day1,0.48381540179252625,0.2266639769077301
1,IISER Tirupati Sample 23122025- 53B cpmg,Day4,Day4,Day1,0.5208696722984314,0.4468824863433838
2,"IISER Tirupati 200625 6BTBI serum
cpmg short",Day4,Day4,Day1,0.5023061633110046,0.36905837059020996
3,IISER Tirupati Sample 23122025- 54A cpmg,Day1,Day4,Day1,0.5635685920715332,0.445067435503006
4,IISER Tirupati Sample 23122025- 55B cpmg short,Day4,Day1,Day1,0.4406963884830475,0.4585951566696167
5,"IISER Tirupati 210625 7ATBI serum
cpmg short",Day1,Day1,Day4,0.433029443025589,0.5084624290466309
6,"IISER Tirupati 260625 29BTBI serum
cpmg",Day4,Day1,Day4,0.43287041783332825,0.508211076259613
7,"IISER Tirupati 210625 7ATBI serum
cpmg",Day1,Day1,Day1,0.48187345266342163,0.28649458289146423
8,"IISER Tirupati 210625 10ATBI serum
cpmg",Day1,Day4,Day4,0.5485633015632629,0.9237323999404907
9,"IISER Tirupati 270625 35ATBI serum
cpmg short",Day1,Day1,Day4,0.42069703340530396,0.508608341217041
10,IISER Tirupati Sample 23122025- 52A cpmg short,Day1,Day1,Day1,0.4935076832771301,0.45997247099876404
11,"IISER Tirupati 260625 34ATBI serum
cpmg",Day1,Day1,Day4,0.42654556035995483,0.5073728561401367
12,"IISER Tirupati 230625 16BTBI serum
cpmg short",Day4,Day1,Day1,0.4767817556858063,0.27274248003959656
13,IISER Tirupati Sample 23122025- 55A cpmg,Day1,Day4,Day1,0.5209676027297974,0.44677838683128357
14,IISER Tirupati Sample 23122025- 54B cpmg short,Day4,Day1,Day1,0.4318133294582367,0.4741446077823639
15,"IISER Tirupati 200625 6ATBI serum
cpmg short",Day1,Day4,Day1,0.5174521207809448,0.3954926133155823
16,"IISER Tirupati 260625 32BTBI serum
cpmg short",Day4,Day4,Day4,0.6974907517433167,0.5380941033363342
17,IISER Tirupati Sample 23122025- 54B cpmg,Day4,Day1,Day1,0.49379289150238037,0.45946043729782104
18,"IISER Tirupati 200625 5BTBI serum
cpmg short",Day4,Day4,Day4,0.5403150320053101,0.6664000749588013
19,"IISER Tirupati 200625 6ATBI serum
cpmg",Day1,Day1,Day1,0.47511404752731323,0.31188538670539856
20,"IISER Tirupati 220625 13ATBI serum
cpmg",Day1,Day1,Day1,0.4550868570804596,0.4628742039203644
21,"IISER Tirupati 210625 9ATBI serum
cpmg",Day1,Day1,Day1,0.42600277066230774,0.4651229679584503
22,"IISER Tirupati 260625 32ABTBI serum
cpmg",Day1,Day4,Day4,0.7358736991882324,0.9959619641304016
23,"IISER Tirupati 270625 15BTBI serum
cpmg",Day4,Day4,Day4,0.5824910402297974,0.9885697960853577
24,"IISER Tirupati 260625 34ATBI serum
cpmg short",Day1,Day1,Day1,0.4763185977935791,0.22877049446105957
25,IISER Tirupati Sample 23122025- 49A cpmg short,Day1,Day4,Day1,0.5198467969894409,0.44278332591056824
26,"IISER Tirupati 200625 2BTBI serum
cpmg",Day4,Day1,Day1,0.47774049639701843,0.41636133193969727
27,"IISER Tirupati 230625 15BTBI serum
cpmg",Day4,Day1,Day4,0.44008228182792664,0.6200341582298279
28,"IISER Tirupati 240625 18BTBI serum
cpmg",Day4,Day1,Day1,0.48106271028518677,0.1862897425889969
29,"IISER Tirupati 270625 15BTBI serum
cpmg short",Day4,Day4,Day4,0.5368612408638,0.6946518421173096
30,"IISER Tirupati 230625 15ATBI serum
cpmg short",Day1,Day1,Day1,0.4869515895843506,0.22016465663909912
31,"IISER Tirupati 230625 15BTBI serum
cpmg short",Day4,Day4,Day4,0.6646609902381897,0.7476930618286133
32,"IISER Tirupati 270625 35ATBI serum
cpmg",Day1,Day4,Day1,0.5203033089637756,0.41006603837013245
33,"IISER Tirupati 240625 21ATBI serum
cpmg short",Day1,Day4,Day1,0.5227975249290466,0.41877835988998413
34,"IISER Tirupati 240625 20BTBI serum
cpmg short",Day4,Day1,Day4,0.41828179359436035,0.5093532800674438
35,IISER Tirupati Sample 22122025- 43B cpmg,Day4,Day1,Day4,0.47489112615585327,0.7164049744606018
36,"IISER Tirupati 240625 21ATBI serum
cpmg",Day1,Day4,Day1,0.5237571597099304,0.4184263050556183
37,IISER Tirupati Sample 23122025- 46A cpmg,Day1,Day1,Day1,0.4510599970817566,0.15124478936195374
38,IISER Tirupati Sample 22122025- 41B cpmg short,Day4,Day4,Day1,0.5208902955055237,0.2974676191806793
39,"IISER Tirupati 250625 26ATBI serum
cpmg",Day1,Day4,Day4,0.575700581073761,0.5184323191642761
40,"IISER Tirupati 22122025 39A serum
cpmg",Day1,Day1,Day4,0.4140925407409668,0.5110759735107422
41,"IISER Tirupati 250625 27BTBI serum
cpmg short",Day4,Day4,Day1,0.8315434455871582,0.43333375453948975
42,"IISER Tirupati 250625 27BTBI serum
cpmg",Day4,Day4,Day4,0.5250110030174255,0.8522153496742249
43,"IISER Tirupati 250625 23BTBI serum
cpmg short",Day4,Day1,Day1,0.49742764234542847,0.4608616828918457
45,"IISER Tirupati 240625 21BTBI serum
cpmg short",Day4,Day1,Day4,0.47568899393081665,0.5187445878982544
46,IISER Tirupati Sample 23122025- 47A cpmg short,Day1,Day4,Day4,0.5084229707717896,0.570905864238739
47,"IISER Tirupati 240625 22ATBI serum
cpmg short",Day1,Day4,Day4,0.629693329334259,0.6893945932388306
48,IISER Tirupati Sample 22122025- 41A cpmg,Day1,Day4,Day1,0.5020986795425415,0.3395632207393646
49,IISER Tirupati Sample 23122025- 46B cpmg short,Day4,Day1,Day1,0.42937731742858887,0.47395679354667664
50,IISER Tirupati Sample 22122025- 40B cpmg,Day4,Day4,Day1,0.5210652351379395,0.4484005868434906
51,"IISER Tirupati 240625 22ATBI serum
cpmg",Day1,Day4,Day4,0.7429519295692444,0.5605039000511169
53,"IISER Tirupati 250625 23BTBI serum
cpmg",Day4,Day4,Day1,0.5126752853393555,0.4599713683128357
54,"IISER Tirupati 250625 26ATBI serum
cpmg short",Day1,Day4,Day1,0.5788533687591553,0.431360125541687
55,"IISER Tirupati 22122025 39A serum
cpmg short",Day1,Day1,Day4,0.4762311577796936,0.5015283226966858
56,"IISER Tirupati 250625 22ATBI serum
cpmg short",Day1,Day4,Day1,0.5224986672401428,0.4326312839984894
57,IISER Tirupati Sample 22122025- 40B cpmg short,Day4,Day1,Day4,0.47298914194107056,0.507988452911377
58,"IISER Tirupati 250625 28ATBI serum
cpmg short",Day1,Day1,Day4,0.4270598292350769,0.5230125188827515
59,"IISER Tirupati 22122025 39B serum
cpmg",Day4,Day4,Day4,0.701278567314148,0.9355714917182922
60,"IISER Tirupati 250625 22ATBI serum
cpmg",Day1,Day1,Day1,0.48609670996665955,0.3944225609302521
61,"IISER Tirupati 240625 22BTBI serum
cpmg short",Day4,Day4,Day1,0.5189768671989441,0.40724530816078186
62,IISER Tirupati Sample 22122025- 43A cpmg short,Day1,Day1,Day1,0.4787689745426178,0.4996455907821655
63,IISER Tirupati Sample 23122025- 48B cpmg short,Day4,Day4,Day1,0.5064287781715393,0.45109206438064575
64,"IISER Tirupati 240625 19BTBI serum
cpmg",Day4,Day4,Day4,0.5177381038665771,0.8896569013595581
65,"IISER Tirupati 250625 28ATBI serum
cpmg",Day1,Day1,Day1,0.4922867715358734,0.10920027643442154
66,IISER Tirupati Sample 22122025- 40A cpmg,Day1,Day1,Day1,0.4784812033176422,0.497920960187912
68,"IISER Tirupati 250625 25BTBI serum
cpmg short",Day4,Day1,Day1,0.4900754690170288,0.45397770404815674
71,"IISER Tirupati 250625 25BTBI serum
cpmg",Day4,Day4,Day1,0.5234655141830444,0.41479745507240295
72,IISER Tirupati Sample 22122025- 42A cpmg short,Day1,Day4,Day4,0.551355242729187,0.6630282402038574
73,IISER Tirupati Sample 23122025- 47B cpmg,Day4,Day1,Day1,0.39066582918167114,0.4729374051094055
74,IISER Tirupati Sample 23122025- 48A cpmg,Day1,Day1,Day1,0.43127137422561646,0.4740704298019409
75,"IISER Tirupati 240625 22BTBI serum
cpmg",Day4,Day1,Day4,0.4224887192249298,0.5112083554267883
76,"IISER Tirupati 270625 36BTBI serum
cpmg",Day4,Day4,Day4,0.5267216563224792,0.911577045917511
77,"IISER Tirupati 190625 2ATBI serum
cpmg",Day1,Day1,Day4,0.4269084632396698,0.506706178188324
78,"IISER Tirupati 230625 17ATBI serum
cpmg short",Day1,Day4,Day4,0.5350862741470337,0.9305394887924194
79,"IISER Tirupati 270625 36BTBI serum
cpmg short",Day4,Day4,Day1,0.5657535791397095,0.4691503942012787
80,IISER Tirupati Sample 23122025- 50B cpmg,Day4,Day1,Day1,0.44013136625289917,0.447934627532959
81,"IISER Tirupati 190625 1BTBI serum
cpmg short",Day4,Day4,Day1,0.5281987190246582,0.45640963315963745
82,IISER Tirupati Sample 23122025- 51A cpmg,Day1,Day1,Day1,0.47795045375823975,0.4921042025089264
83,"IISER Tirupati 270625 37ATBI serum
cpmg",Day1,Day1,Day1,0.472643107175827,0.1909722536802292
84,IISER Tirupati Sample 23122025- 50B cpmg short,Day4,Day1,Day4,0.4293351173400879,0.5247418284416199
85,"IISER Tirupati 190625 2ATBI serum
cpmg short",Day1,Day4,Day1,0.5228500962257385,0.4360400438308716
86,"IISER Tirupati 210625 11BTBI serum
cpmg short",Day4,Day4,Day4,0.6582832336425781,0.5302792191505432
87,"IISER Tirupati 260625 31ATBI serum
cpmg",Day1,Day1,Day4,0.4261166751384735,0.5088127851486206
88,IISER Tirupati Sample 23122025- 57A cpmg,Day1,Day1,Day4,0.471376895904541,0.508143961429596
89,IISER Tirupati Sample 23122025- 56B cpmg,Day4,Day1,Day1,0.43130987882614136,0.47416722774505615
90,"IISER Tirupati 210625 11ATBI serum
cpmg short",Day1,Day1,Day1,0.48760730028152466,0.20768947899341583
91,"IISER Tirupati 210625 7BTBI serum
cpmg",Day4,Day1,Day1,0.42369982600212097,0.462809681892395
92,"IISER Tirupati 210625 11BTBI serum
cpmg",Day4,Day4,Day4,0.5424361228942871,0.7832239866256714
93,"IISER Tirupati 260625 30ATBI serum
cpmg short",Day1,Day4,Day1,0.5292052626609802,0.47880318760871887
94,IISER Tirupati Sample 23122025- 53A cpmg short,Day1,Day1,Day1,0.47817811369895935,0.4949347674846649
95,"IISER Tirupati 190625 3BTBI serum
cpmg",Day4,Day1,Day4,0.4982622563838959,0.6769589781761169
96,"IISER Tirupati 230625 14ATBI serum
cpmg",Day1,Day1,Day1,0.47827354073524475,0.33484551310539246
97,"IISER Tirupati 240625 18ATBI serum
cpmg",Day1,Day1,Day1,0.47356000542640686,0.23161618411540985
98,"IISER Tirupati 270625 37ATBI serum
cpmg short",Day1,Day1,Day1,0.4740341007709503,0.2042192965745926
99,"IISER Tirupati 260625 33BTBI serum
cpmg",Day4,Day4,Day1,0.8287084698677063,0.4399140179157257
100,IISER Tirupati Sample 23122025- 50A cpmg,Day1,Day1,Day1,0.4221622943878174,0.4687342047691345
101,"IISER Tirupati 240625 18ATBI serum
cpmg short",Day1,Day1,Day1,0.4213041067123413,0.4630470275878906
102,IISER Tirupati Sample 23122025- 51B cpmg short,Day4,Day1,Day4,0.4787757098674774,0.5004241466522217
103,"IISER Tirupati 190625 3BTBI serum
cpmg short",Day4,Day4,Day1,0.5268504619598389,0.4660014808177948
104,"IISER Tirupati 190625 1ATBI serum
cpmg ns128",Day1,Day1,Day4,0.4195973575115204,0.5078591108322144
105,"IISER Tirupati 240625 16ATBI serum
cpmg short",Day1,Day4,Day1,0.529068112373352,0.46200641989707947
106,"IISER Tirupati 260625 33BTBI serum
cpmg short",Day4,Day4,Day1,0.8635397553443909,0.43497565388679504
107,IISER Tirupati Sample 23122025- 49B cpmg,Day4,Day1,Day4,0.4256853461265564,0.5203962326049805
108,"IISER Tirupati 190625 3ATBI serum
cpmg short",Day1,Day1,Day1,0.4517664313316345,0.46484407782554626
109,"IISER Tirupati 210625 12ATBI serum
cpmg short",Day1,Day4,Day1,0.5247454643249512,0.4600604474544525
110,"IISER Tirupati 210625 8BTBI serum
cpmg short",Day4,Day4,Day1,0.5277467966079712,0.4081096947193146
111,IISER Tirupati Sample 23122025- 57B cpmg short,Day4,Day1,Day1,0.43066030740737915,0.47393298149108887
112,"IISER Tirupati 210625 12BTBI serum
cpmg short",Day4,Day4,Day1,0.5233161449432373,0.4323842525482178
113,"IISER Tirupati 260625 30ATBI serum
cpmg",Day1,Day4,Day4,0.5440570116043091,0.5866943597793579
114,"IISER Tirupati 260625 31ATBI serum
cpmg short",Day1,Day1,Day1,0.47968196868896484,0.26840540766716003
115,IISER Tirupati Sample 23122025- 56A cpmg short,Day1,Day1,Day4,0.47137677669525146,0.5079545974731445
116,"IISER Tirupati 200625 4BTBI serum
cpmg",Day4,Day4,Day4,0.563403844833374,0.9817929863929749
117,"IISER Tirupati 210625 12BTBI serum
cpmg",Day4,Day1,Day1,0.48174941539764404,0.38006824254989624
118,"IISER Tirupati 210625 8BTBI serum
cpmg",Day4,Day1,Day1,0.4940723776817322,0.43042561411857605
119,"IISER Tirupati 240625 19ATBI serum
cpmg",Day1,Day1,Day4,0.41108712553977966,0.5083558559417725
120,"IISER Tirupati 230625 15ATBI serum
cpmg",Day1,Day4,Day1,0.5301826596260071,0.45441335439682007
121,"IISER Tirupati 200625 4ATBI serum
cpmg",Day1,Day1,Day4,0.4410944879055023,0.5090126395225525
122,"IISER Tirupati 260625 34BTBI serum
cpmg",Day4,Day4,Day1,0.5187399387359619,0.4036306142807007
123,"IISER Tirupati 270625 38ATBI serum
cpmg short",Day1,Day1,Day4,0.4125082492828369,0.5087082982063293
124,"IISER Tirupati 200625 4ATBI serum
cpmg short",Day1,Day1,Day1,0.48930466175079346,0.2990560233592987
125,IISER Tirupati Sample 23122025- 52B cpmg short,Day4,Day1,Day1,0.4935884177684784,0.4600198268890381
126,"IISER Tirupati 240625 19ATBI serum
cpmg short",Day1,Day1,Day1,0.42676782608032227,0.4582449495792389
127,IISER Tirupati Sample 23122025- 49A cpmg,Day1,Day1,Day1,0.47763174772262573,0.4701063632965088
128,"IISER Tirupati 200625 2BTBI serum
cpmg short",Day4,Day1,Day4,0.42908450961112976,0.5092688798904419
129,IISER Tirupati Sample 23122025- 48B cpmg,Day4,Day4,Day4,0.5087759494781494,0.5787140727043152
130,"IISER Tirupati 260625 34BTBI serum
cpmg short",Day4,Day1,Day1,0.4702318608760834,0.23126918077468872
131,"IISER Tirupati 240625 18BTBI serum
cpmg short",Day4,Day1,Day1,0.4351324141025543,0.45736220479011536
132,"IISER Tirupati 220625 13ATBI serum
cpmg short",Day1,Day1,Day4,0.4453086256980896,0.5094772577285767
133,"IISER Tirupati 210625 9ATBI serum
cpmg short",Day1,Day1,Day1,0.482825368642807,0.3592456579208374
134,"IISER Tirupati 260625 29ATBI serum
cpmg",Day1,Day1,Day4,0.43997928500175476,0.5218231081962585
135,"IISER Tirupati 230625 13BTBI serum
cpmg short",Day4,Day4,Day1,0.524795413017273,0.41887304186820984
136,"IISER Tirupati 210625 9BTBI serum
cpmg short",Day4,Day4,Day4,0.5271655917167664,0.762909471988678
137,IISER Tirupati Sample 23122025- 55A cpmg short,Day1,Day1,Day1,0.4312581419944763,0.47415488958358765
138,"IISER Tirupati 260625 32ATBI serum
cpmg short",Day1,Day1,Day1,0.4846659004688263,0.2952084243297577
139,"IISER Tirupati 210625 9BTBI serum
cpmg",Day4,Day4,Day1,0.8190029263496399,0.4301508665084839
140,"IISER Tirupati 230625 13BTBI serum
cpmg",Day4,Day1,Day4,0.48470279574394226,0.5011707544326782
141,"IISER Tirupati 200625 5BTBI serum
cpmg",Day4,Day4,Day4,0.5367404818534851,0.6275783777236938
142,"IISER Tirupati 270625 35BTBI serum
cpmg",Day4,Day4,Day4,0.5010417103767395,0.9019363522529602
143,"IISER Tirupati 230625 16BTBI serum
cpmg",Day4,Day1,Day1,0.4759395718574524,0.3530522882938385
144,IISER Tirupati Sample 23122025- 51B cpmg,Day4,Day1,Day1,0.49410712718963623,0.46204864978790283
145,"IISER Tirupati 270625 35BTBI serum
cpmg short",Day4,Day1,Day4,0.4394740164279938,0.5087437629699707
146,IISER Tirupati Sample 23122025- 49B cpmg short,Day4,Day1,Day4,0.49689656496047974,0.5345181822776794
147,"IISER Tirupati 270625 38ATBI serum
cpmg",Day1,Day1,Day1,0.40125906467437744,0.4637305438518524
148,IISER Tirupati Sample 23122025- 52A cpmg,Day1,Day1,Day1,0.431347131729126,0.47405093908309937
149,"IISER Tirupati 260625 32ATBI serum
cpmg",Day1,Day1,Day1,0.32191231846809387,0.41689497232437134
150,"IISER Tirupati 210625 10BTBI serum
cpmg short",Day4,Day4,Day4,0.5951096415519714,0.7350154519081116
151,"IISER Tirupati 210625 10ATBI serum
cpmg short",Day1,Day4,Day4,0.5349934101104736,0.9158483743667603
152,IISER Tirupati Sample 23122025- 57B cpmg,Day4,Day1,Day4,0.47128716111183167,0.508186936378479
153,"IISER Tirupati 210625 10BTBI serum
cpmg",Day4,Day4,Day1,0.594846785068512,0.41547656059265137
154,"IISER Tirupati 200625 6BTBI serum
cpmg",Day4,Day1,Day4,0.38846278190612793,0.5045223236083984
155,IISER Tirupati Sample 23122025- 54A cpmg short,Day1,Day1,Day1,0.4931811988353729,0.45821431279182434
156,"IISER Tirupati 260625 29ATBI serum
cpmg short",Day1,Day4,Day1,0.5103235244750977,0.48717811703681946
158,"IISER Tirupati 250625 27ATBI serum
cpmg",Day1,Day1,Day4,0.4255342185497284,0.509905219078064
159,"IISER Tirupati 250625 26BTBI serum
cpmg short",Day4,Day4,Day4,0.5485144257545471,0.9773368239402771
160,"IISER Tirupati 22122025 39B serum
cpmg short",Day4,Day4,Day4,0.742948591709137,0.9794089198112488
162,"IISER Tirupati 250625 26BTBI serum
cpmg",Day4,Day4,Day1,0.5384144186973572,0.4632924199104309
163,IISER Tirupati Sample 22122025- 41A cpmg short,Day1,Day4,Day4,0.5037723183631897,0.5216984152793884
164,IISER Tirupati Sample 23122025- 46B cpmg,Day4,Day1,Day4,0.4706982970237732,0.5080884099006653
165,"IISER Tirupati 240625 21BTBI serum
cpmg",Day4,Day1,Day4,0.47418373823165894,0.5167378783226013
166,IISER Tirupati Sample 23122025- 47A cpmg,Day1,Day1,Day4,0.42911651730537415,0.5412963628768921
167,"IISER Tirupati 250625 24ATBI serum
cpmg short",Day1,Day1,Day1,0.4821797311306,0.4775538742542267
168,"IISER Tirupati 250625 24ATBI serum
cpmg",Day1,Day1,Day1,0.4525411128997803,0.4586012661457062
169,"IISER Tirupati 250625 27ATBI serum
cpmg short",Day1,Day4,Day1,0.5238661170005798,0.42151927947998047
170,IISER Tirupati Sample 23122025- 46A cpmg short,Day1,Day1,Day1,0.45077037811279297,0.15358583629131317
171,IISER Tirupati Sample 23122025- 47B cpmg short,Day4,Day1,Day4,0.47413140535354614,0.6424365639686584
172,"IISER Tirupati 240625 20BTBI serum
cpmg",Day4,Day1,Day4,0.423494815826416,0.5121167302131653
173,IISER Tirupati Sample 23122025- 48A cpmg short,Day1,Day4,Day1,0.5209187865257263,0.4465416371822357
174,IISER Tirupati Sample 22122025- 43B cpmg short,Day4,Day1,Day4,0.47583088278770447,0.7309582233428955
175,IISER Tirupati Sample 22122025- 42A cpmg,Day1,Day4,Day1,0.6418305039405823,0.43122145533561707
176,IISER Tirupati Sample 22122025- 41B cpmg,Day4,Day1,Day1,0.24025116860866547,0.42696622014045715
177,"IISER Tirupati 250625 24BTBI serum
cpmg",Day4,Day4,Day4,0.6553091406822205,0.9513657093048096
178,"IISER Tirupati 270625 38BTBI serum
cpmg short",Day4,Day4,Day4,0.7521052956581116,0.5503812432289124
179,IISER Tirupati Sample 22122025- 40A cpmg short,Day1,Day4,Day1,0.5209769606590271,0.4471375048160553
180,"IISER Tirupati 250625 25ATBI serum
cpmg short",Day1,Day1,Day1,0.47225016355514526,0.20244304835796356
181,"IISER Tirupati 250625 23ATBI serum
cpmg",Day1,Day4,Day1,0.5231050252914429,0.41239964962005615
182,"IISER Tirupati 240625 20ATBI serum
cpmg short",Day1,Day4,Day1,0.5258244872093201,0.4286230802536011
183,"IISER Tirupati 240625 19BTBI serum
cpmg short",Day4,Day1,Day4,0.45439037680625916,0.5101790428161621
184,"IISER Tirupati 240625 20ATBI serum
cpmg",Day1,Day1,Day1,0.4838739335536957,0.30242836475372314
185,IISER Tirupati Sample 22122025- 42B cpmg,Day4,Day1,Day1,0.49375852942466736,0.4579930603504181
186,"IISER Tirupati 250625 23ATBI serum
cpmg short",Day1,Day1,Day4,0.4210105836391449,0.5085656642913818
187,IISER Tirupati Sample 22122025- 42B cpmg short,Day4,Day1,Day1,0.432018905878067,0.47424837946891785
188,IISER Tirupati Sample 22122025- 43A cpmg,Day1,Day1,Day4,0.4725720286369324,0.5079987049102783
189,"IISER Tirupati 250625 25ATBI serum
cpmg",Day1,Day1,Day1,0.4073046147823334,0.4524744153022766
190,"IISER Tirupati 250625 28BTBI serum
cpmg short",Day4,Day1,Day1,0.4989040195941925,0.4665555953979492
191,"IISER Tirupati 270625 38BTBI serum
cpmg",Day4,Day4,Day4,0.7373844385147095,0.9898236393928528
192,"IISER Tirupati 250625 24BTBI serum
cpmg short",Day4,Day4,Day4,0.5209043025970459,0.5488892197608948
193,"IISER Tirupati 250625 28BTBI serum
cpmg",Day4,Day1,Day4,0.46916791796684265,0.51003098487854
194,"IISER Tirupati 200625 5ATBI serum
cpmg short",Day1,Day1,Day1,0.4445957541465759,0.07488813996315002
195,IISER Tirupati Sample 23122025- 53B cpmg short,Day4,Day4,Day1,0.5211673378944397,0.44707125425338745
196,IISER Tirupati Sample 23122025- 56A cpmg short,Day1,Day1,Day1,0.4779955744743347,0.4923740327358246
197,"IISER Tirupati 200625 4BTBI serum
cpmg short",Day4,Day4,Day4,0.5317801833152771,0.6346886157989502
198,IISER Tirupati Sample 23122025- 55B cpmg,Day4,Day1,Day1,0.34109818935394287,0.45743346214294434
199,"IISER Tirupati 260625 31BTBI serum
cpmg short",Day4,Day4,Day4,0.6895512938499451,0.9948124885559082
200,"IISER Tirupati 210625 12ATBI serum
cpmg",Day1,Day1,Day1,0.44825479388237,0.46338802576065063
201,"IISER Tirupati 200625 5ATBI serum
cpmg",Day1,Day1,Day1,0.29461249709129333,0.3997974693775177
202,"IISER Tirupati 260625 31BTBI serum
cpmg",Day4,Day4,Day4,0.7698227763175964,0.9747776389122009
203,IISER Tirupati Sample 23122025- 50A cpmg short,Day1,Day1,Day1,0.47871339321136475,0.49155423045158386
204,"IISER Tirupati 260625 33ATBI serum
cpmg short",Day1,Day1,Day4,0.4019085466861725,0.5098641514778137
205,"IISER Tirupati 270625 37BTBI serum
cpmg",Day4,Day4,Day4,0.5103703737258911,0.7057099342346191
206,"IISER Tirupati 240625 16ATBI serum
cpmg",Day1,Day1,Day1,0.4399123787879944,0.4619429111480713
207,"IISER Tirupati 230625 14BTBI serum
cpmg",Day4,Day1,Day1,0.49443528056144714,0.29460668563842773
208,"IISER Tirupati 190625 3ATBI serum
cpmg",Day1,Day1,Day4,0.44439104199409485,0.5094606876373291
209,"IISER Tirupati 230625 14ATBI serum
cpmg short",Day1,Day1,Day1,0.48206156492233276,0.32300761342048645
210,"IISER Tirupati 270625 37BTBI serum
cpmg short",Day4,Day4,Day4,0.5108246803283691,0.7104334831237793
211,"IISER Tirupati 270625 36ATBI serum
cpmg",Day1,Day1,Day1,0.41986730694770813,0.462764710187912
212,"IISER Tirupati 230625 14BTBI serum
cpmg short",Day4,Day1,Day1,0.49705061316490173,0.41844192147254944
213,"IISER Tirupati 210625 7BTBI serum
cpmg short",Day4,Day4,Day1,0.5240676999092102,0.43212658166885376
214,IISER Tirupati Sample 23122025- 52B cpmg,Day4,Day1,Day4,0.4717595875263214,0.5079299807548523
215,"IISER Tirupati 260625 30BTBI serum
cpmg short",Day4,Day1,Day4,0.4978019595146179,0.5663557648658752
216,"IISER Tirupati 210625 8ATBI serum
cpmg short",Day1,Day4,Day4,0.5237014293670654,0.6265751123428345
217,IISER Tirupati Sample 23122025- 56B cpmg short,Day4,Day1,Day1,0.4936167597770691,0.46000808477401733
218,IISER Tirupati Sample 23122025- 53A cpmg,Day1,Day1,Day1,0.4781841039657593,0.49499937891960144
219,"IISER Tirupati 260625 30BTBI serum
cpmg",Day4,Day4,Day1,0.5190221667289734,0.47074711322784424
220,IISER Tirupati Sample 23122025- 57A cpmg short,Day1,Day1,Day1,0.4778512418270111,0.4920276403427124
221,"IISER Tirupati 210625 11ATBI serum
cpmg",Day1,Day4,Day1,0.5300064086914062,0.4586809277534485
222,"IISER Tirupati 210625 8ATBI serum
cpmg",Day1,Day1,Day1,0.4930388927459717,0.4427357316017151
223,"IISER Tirupati 230625 17BTBI serum
cpmg short",Day4,Day4,Day4,0.8530494570732117,0.9977553486824036
224,"IISER Tirupati 190625 1BTBI serum
cpmg ns128",Day4,Day1,Day4,0.4380248486995697,0.5072401165962219
225,IISER Tirupati 190625 1ATBI serum,Day1,Day1,Day1,0.4134877622127533,0.4649200439453125
226,IISER Tirupati Sample 23122025- 51A cpmg short,Day1,Day1,Day1,0.4931286871433258,0.45838457345962524
227,"IISER Tirupati 270625 36ATBI serum
cpmg short",Day1,Day1,Day1,0.4767652451992035,0.30686160922050476
228,"IISER Tirupati 260625 33ATBI serum
cpmg",Day1,Day4,Day1,0.5174044370651245,0.3783954679965973
229,"IISER Tirupati 230625 17BTBI serum
cpmg short",Day4,Day4,Day4,0.837111234664917,0.9980504512786865
230,"IISER Tirupati 230625 17ATBI serum
cpmg short",Day1,Day1,Day1,0.48963242769241333,0.46452489495277405
