spectrum_index,sample_title,original_label,pred_LogisticRegression,pred_SVM_RBF,pred_XGBoost,score_LogisticRegression,score_SVM_RBF,score_XGBoost
0,"IISER Tirupati 260625 29BTBI serum
cpmg short",Day4,Day4,Day4,Day4,0.946242158180652,0.5185998957025976,0.7599790692329407
1,IISER Tirupati Sample 23122025- 53B cpmg,Day4,Day4,Day1,Day4,0.9998286092817044,0.4436721208462422,0.9663017988204956
2,"IISER Tirupati 200625 6BTBI serum
cpmg short",Day4,Day4,Day4,Day4,0.9775286823438741,0.7413924718393504,0.9960434436798096
3,IISER Tirupati Sample 23122025- 54A cpmg,Day1,Day4,Day4,Day4,0.5345857574355067,0.8202618565156471,0.9571530222892761
4,IISER Tirupati Sample 23122025- 55B cpmg short,Day4,Day4,Day4,Day4,0.6217572293816638,0.7748997041074394,0.9520295858383179
5,"IISER Tirupati 210625 7ATBI serum
cpmg short",Day1,Day1,Day1,Day1,0.07533765056044169,0.2851952513798587,0.009797420352697372
6,"IISER Tirupati 260625 29BTBI serum
cpmg",Day4,Day4,Day4,Day4,0.8596473095552462,0.5383679445905906,0.5669941902160645
7,"IISER Tirupati 210625 7ATBI serum
cpmg",Day1,Day1,Day1,Day1,0.1257959542946555,0.3380484047956395,0.016946762800216675
8,"IISER Tirupati 210625 10ATBI serum
cpmg",Day1,Day4,Day1,Day4,0.8940720800388314,0.37701099121102566,0.9368258118629456
9,"IISER Tirupati 270625 35ATBI serum
cpmg short",Day1,Day1,Day1,Day1,0.000726137659293935,0.02553171801610266,0.012229103595018387
10,IISER Tirupati Sample 23122025- 52A cpmg short,Day1,Day1,Day4,Day4,0.059047332338038105,0.7096425450228238,0.592651903629303
11,"IISER Tirupati 260625 34ATBI serum
cpmg",Day1,Day1,Day1,Day1,0.03288458628453832,0.12517320414323682,0.013774160295724869
12,"IISER Tirupati 230625 16BTBI serum
cpmg short",Day4,Day4,Day4,Day4,0.9511312491605939,0.6414623184063787,0.9928433299064636
13,IISER Tirupati Sample 23122025- 55A cpmg,Day1,Day1,Day1,Day1,0.019664250904551865,0.2637662255307118,0.14419426023960114
14,IISER Tirupati Sample 23122025- 54B cpmg short,Day4,Day4,Day4,Day4,0.9537766115103492,0.6161398178148655,0.9836776256561279
15,"IISER Tirupati 200625 6ATBI serum
cpmg short",Day1,Day1,Day1,Day1,0.011383134554689941,0.4423423100158362,0.18703974783420563
16,"IISER Tirupati 260625 32BTBI serum
cpmg short",Day4,Day4,Day4,Day4,0.6069154318994129,0.8768634922278267,0.7149779796600342
17,IISER Tirupati Sample 23122025- 54B cpmg,Day4,Day4,Day4,Day4,0.9332504817972433,0.6124208539414122,0.9487726092338562
18,"IISER Tirupati 200625 5BTBI serum
cpmg short",Day4,Day4,Day4,Day4,0.7448211744121754,0.686072898477625,0.941219687461853
19,"IISER Tirupati 200625 6ATBI serum
cpmg",Day1,Day4,Day4,Day4,0.5122364534389463,0.6945715822638189,0.9748044013977051
20,"IISER Tirupati 220625 13ATBI serum
cpmg",Day1,Day1,Day1,Day1,0.007876009956245253,0.18932952453684554,0.013452666811645031
21,"IISER Tirupati 210625 9ATBI serum
cpmg",Day1,Day1,Day4,Day1,0.3172112047579804,0.5086686938839887,0.2663564085960388
22,"IISER Tirupati 260625 32ABTBI serum
cpmg",Day1,Day4,Day4,Day4,0.7501110006481605,0.822724778016896,0.9950410723686218
23,"IISER Tirupati 270625 15BTBI serum
cpmg",Day4,Day4,Day4,Day4,0.9975476484574479,0.879954795560868,0.9860695600509644
24,"IISER Tirupati 260625 34ATBI serum
cpmg short",Day1,Day1,Day1,Day1,0.006125758789009234,0.06076594970387439,0.06432012468576431
25,IISER Tirupati Sample 23122025- 49A cpmg short,Day1,Day4,Day4,Day1,0.5349412254324435,0.6412332974824412,0.14247523248195648
26,"IISER Tirupati 200625 2BTBI serum
cpmg",Day4,Day4,Day4,Day4,0.9677748223271809,0.5692813461345371,0.9920775294303894
27,"IISER Tirupati 230625 15BTBI serum
cpmg",Day4,Day1,Day1,Day4,0.057732508474481505,0.44366561827905987,0.8895467519760132
28,"IISER Tirupati 240625 18BTBI serum
cpmg",Day4,Day4,Day4,Day4,0.7231700837771253,0.655987601779423,0.9237132668495178
29,"IISER Tirupati 270625 15BTBI serum
cpmg short",Day4,Day4,Day4,Day4,0.9984365251555496,0.890548691812767,0.9946088790893555
30,"IISER Tirupati 230625 15ATBI serum
cpmg short",Day1,Day1,Day1,Day1,0.04466390033820571,0.18935570351703154,0.003856297815218568
31,"IISER Tirupati 230625 15BTBI serum
cpmg short",Day4,Day4,Day1,Day4,0.9980208263511529,0.37852375196064697,0.9372748732566833
32,"IISER Tirupati 270625 35ATBI serum
cpmg",Day1,Day1,Day1,Day1,0.0004808959038362744,0.06920932012129835,0.017746319994330406
33,"IISER Tirupati 240625 21ATBI serum
cpmg short",Day1,Day1,Day1,Day1,0.04069725261780209,0.39488833229909837,0.13348139822483063
34,"IISER Tirupati 240625 20BTBI serum
cpmg short",Day4,Day4,Day4,Day1,0.7219039074866475,0.6029908314568846,0.4527989327907562
35,IISER Tirupati Sample 22122025- 43B cpmg,Day4,Day4,Day4,Day4,0.7804875068663046,0.7323913669736484,0.5679900646209717
36,"IISER Tirupati 240625 21ATBI serum
cpmg",Day1,Day1,Day1,Day1,0.028592230034570076,0.3024088028519711,0.011976955458521843
37,IISER Tirupati Sample 23122025- 46A cpmg,Day1,Day1,Day4,Day1,0.00010967075135213047,0.42709924286711015,0.006390043534338474
38,IISER Tirupati Sample 22122025- 41B cpmg short,Day4,Day4,Day4,Day4,0.5090868992012122,0.7929885183837785,0.7810686826705933
39,"IISER Tirupati 250625 26ATBI serum
cpmg",Day1,Day4,Day4,Day1,0.5046229002417568,0.6296705261730031,0.3956030011177063
40,"IISER Tirupati 22122025 39A serum
cpmg",Day1,Day1,Day1,Day1,0.0011518638116203663,0.24504816500781418,0.4258611500263214
41,"IISER Tirupati 250625 27BTBI serum
cpmg short",Day4,Day4,Day4,Day4,0.994394326347132,0.8735838377547601,0.995922327041626
42,"IISER Tirupati 250625 27BTBI serum
cpmg",Day4,Day4,Day4,Day4,0.9985886404175437,0.8010926621985943,0.9662494659423828
43,"IISER Tirupati 250625 23BTBI serum
cpmg short",Day4,Day1,Day1,Day1,0.007397032859220642,0.13758799517409637,0.019204916432499886
45,"IISER Tirupati 240625 21BTBI serum
cpmg short",Day4,Day4,Day4,Day4,0.9045589748648414,0.8271626995598994,0.5492516756057739
46,IISER Tirupati Sample 23122025- 47A cpmg short,Day1,Day4,Day4,Day4,0.6097906430813004,0.7720875854514712,0.8426514863967896
47,"IISER Tirupati 240625 22ATBI serum
cpmg short",Day1,Day1,Day1,Day1,0.0001616495633028166,0.31043410215895373,0.2762722969055176
48,IISER Tirupati Sample 22122025- 41A cpmg,Day1,Day1,Day4,Day1,0.20374267723650963,0.5520280351704132,0.0628025233745575
49,IISER Tirupati Sample 23122025- 46B cpmg short,Day4,Day4,Day4,Day4,0.9870419219263249,0.791908466996934,0.9860011339187622
50,IISER Tirupati Sample 22122025- 40B cpmg,Day4,Day4,Day1,Day4,0.9920258635092918,0.22461320022879624,0.9919174313545227
51,"IISER Tirupati 240625 22ATBI serum
cpmg",Day1,Day1,Day4,Day1,0.0036080170682748747,0.6804153076810534,0.07116470485925674
53,"IISER Tirupati 250625 23BTBI serum
cpmg",Day4,Day1,Day1,Day1,0.0004449328319448622,0.09847544837841303,0.02206554263830185
54,"IISER Tirupati 250625 26ATBI serum
cpmg short",Day1,Day1,Day4,Day1,0.48276247772283243,0.553734443835918,0.31179121136665344
55,"IISER Tirupati 22122025 39A serum
cpmg short",Day1,Day1,Day4,Day1,0.0002911824935679736,0.5270578158621813,0.20312803983688354
56,"IISER Tirupati 250625 22ATBI serum
cpmg short",Day1,Day1,Day1,Day1,0.00013783073466749757,0.07092316291102474,0.022590115666389465
57,IISER Tirupati Sample 22122025- 40B cpmg short,Day4,Day4,Day1,Day4,0.9900150928921179,0.3039843320457746,0.9806662201881409
58,"IISER Tirupati 250625 28ATBI serum
cpmg short",Day1,Day1,Day1,Day1,0.11032025164472943,0.16512170903993645,0.01764305867254734
59,"IISER Tirupati 22122025 39B serum
cpmg",Day4,Day4,Day4,Day4,0.9985624829956121,0.9160859257546073,0.9823978543281555
60,"IISER Tirupati 250625 22ATBI serum
cpmg",Day1,Day1,Day1,Day1,0.0005353232053551219,0.036312342362733126,0.0026038093492388725
61,"IISER Tirupati 240625 22BTBI serum
cpmg short",Day4,Day4,Day1,Day4,0.5492272643000417,0.284128487230731,0.7342340350151062
62,IISER Tirupati Sample 22122025- 43A cpmg short,Day1,Day1,Day4,Day1,0.051826432947458666,0.5566271765499049,0.11293485760688782
63,IISER Tirupati Sample 23122025- 48B cpmg short,Day4,Day4,Day4,Day4,0.6141670813927412,0.8085085818951722,0.9645819067955017
64,"IISER Tirupati 240625 19BTBI serum
cpmg",Day4,Day4,Day4,Day4,0.9635942886474331,0.8055584728436743,0.9906076192855835
65,"IISER Tirupati 250625 28ATBI serum
cpmg",Day1,Day1,Day1,Day1,0.06548625567954688,0.1376013943835439,0.005650609266012907
66,IISER Tirupati Sample 22122025- 40A cpmg,Day1,Day1,Day4,Day1,0.004305663454847421,0.5394787718360415,0.01367130782455206
68,"IISER Tirupati 250625 25BTBI serum
cpmg short",Day4,Day4,Day4,Day4,0.777616239310386,0.6751719115673865,0.8166843056678772
71,"IISER Tirupati 250625 25BTBI serum
cpmg",Day4,Day1,Day4,Day1,0.4283287827574857,0.6259916909660954,0.3611598014831543
72,IISER Tirupati Sample 22122025- 42A cpmg short,Day1,Day4,Day4,Day1,0.764601198174921,0.8367075842278398,0.13905049860477448
73,IISER Tirupati Sample 23122025- 47B cpmg,Day4,Day4,Day4,Day4,0.5911177224860238,0.8318111088772095,0.8361173272132874
74,IISER Tirupati Sample 23122025- 48A cpmg,Day1,Day1,Day4,Day1,0.13221573653149696,0.5371429784856762,0.14342989027500153
75,"IISER Tirupati 240625 22BTBI serum
cpmg",Day4,Day1,Day1,Day1,0.4196812348083647,0.1305389837357678,0.023780647665262222
76,"IISER Tirupati 270625 36BTBI serum
cpmg",Day4,Day4,Day4,Day4,0.9890793067284677,0.8730215339032145,0.9968494772911072
77,"IISER Tirupati 190625 2ATBI serum
cpmg",Day1,Day1,Day1,Day1,0.3429394431502261,0.13973785443890918,0.0487622395157814
78,"IISER Tirupati 230625 17ATBI serum
cpmg short",Day1,Day1,Day4,Day1,0.19219412802823768,0.5294501147173823,0.2715549170970917
79,"IISER Tirupati 270625 36BTBI serum
cpmg short",Day4,Day4,Day4,Day4,0.9415845466778755,0.781905862295105,0.6744511723518372
80,IISER Tirupati Sample 23122025- 50B cpmg,Day4,Day4,Day4,Day4,0.7757889241850238,0.8483959623521496,0.735104501247406
81,"IISER Tirupati 190625 1BTBI serum
cpmg short",Day4,Day4,Day4,Day4,0.756552804796643,0.5399508651636001,0.5538368821144104
82,IISER Tirupati Sample 23122025- 51A cpmg,Day1,Day1,Day1,Day1,0.029275103500968982,0.1588391074140775,0.008774968795478344
83,"IISER Tirupati 270625 37ATBI serum
cpmg",Day1,Day1,Day1,Day1,0.04299453527357506,0.29460700880574037,0.09874600172042847
84,IISER Tirupati Sample 23122025- 50B cpmg short,Day4,Day4,Day4,Day4,0.635935482144075,0.865671050068015,0.7528526782989502
85,"IISER Tirupati 190625 2ATBI serum
cpmg short",Day1,Day1,Day1,Day1,0.024466492272234883,0.23130135670993338,0.010016378946602345
86,"IISER Tirupati 210625 11BTBI serum
cpmg short",Day4,Day4,Day4,Day4,0.8349872156888895,0.8312380654054181,0.9790329337120056
87,"IISER Tirupati 260625 31ATBI serum
cpmg",Day1,Day1,Day1,Day1,0.00036647295796670787,0.05978651063258767,0.0029588465113192797
88,IISER Tirupati Sample 23122025- 57A cpmg,Day1,Day4,Day4,Day1,0.6339124371263378,0.5355799455297324,0.03460010886192322
89,IISER Tirupati Sample 23122025- 56B cpmg,Day4,Day1,Day1,Day4,0.21149900536522717,0.35287135491566374,0.6848976016044617
90,"IISER Tirupati 210625 11ATBI serum
cpmg short",Day1,Day1,Day1,Day1,0.13619261483171868,0.4054620234043889,0.008370948024094105
91,"IISER Tirupati 210625 7BTBI serum
cpmg",Day4,Day4,Day4,Day4,0.7882440980998165,0.7143756141290059,0.8387776017189026
92,"IISER Tirupati 210625 11BTBI serum
cpmg",Day4,Day4,Day4,Day4,0.7882751915371742,0.7896698095294592,0.9172192215919495
93,"IISER Tirupati 260625 30ATBI serum
cpmg short",Day1,Day1,Day1,Day1,0.005298307328578761,0.09421819859696767,0.003338342299684882
94,IISER Tirupati Sample 23122025- 53A cpmg short,Day1,Day1,Day1,Day1,0.01128729699437661,0.1402061973821866,0.018526781350374222
95,"IISER Tirupati 190625 3BTBI serum
cpmg",Day4,Day4,Day4,Day4,0.9883356687844962,0.7848531924787845,0.9955586194992065
96,"IISER Tirupati 230625 14ATBI serum
cpmg",Day1,Day1,Day1,Day1,0.1290891739767551,0.1625392356829528,0.06712611019611359
97,"IISER Tirupati 240625 18ATBI serum
cpmg",Day1,Day1,Day1,Day1,0.005045017301935685,0.16484686476276358,0.004589519929140806
98,"IISER Tirupati 270625 37ATBI serum
cpmg short",Day1,Day1,Day1,Day1,0.05099833255535681,0.2593114028846996,0.030187958851456642
99,"IISER Tirupati 260625 33BTBI serum
cpmg",Day4,Day4,Day4,Day4,0.9837946460722564,0.8561638645899193,0.9958272576332092
100,IISER Tirupati Sample 23122025- 50A cpmg,Day1,Day1,Day4,Day1,0.3019741427106953,0.676604107807769,0.3170703649520874
101,"IISER Tirupati 240625 18ATBI serum
cpmg short",Day1,Day1,Day1,Day1,0.005680044615545873,0.17723613467480479,0.0020237918943166733
102,IISER Tirupati Sample 23122025- 51B cpmg short,Day4,Day4,Day1,Day4,0.5677367530088088,0.34280473788938676,0.9579785466194153
103,"IISER Tirupati 190625 3BTBI serum
cpmg short",Day4,Day4,Day4,Day4,0.9904633475280107,0.7546169015023579,0.9976537823677063
104,"IISER Tirupati 190625 1ATBI serum
cpmg ns128",Day1,Day1,Day1,Day1,0.07925516070907249,0.2785386635710274,0.045882754027843475
105,"IISER Tirupati 240625 16ATBI serum
cpmg short",Day1,Day1,Day1,Day1,3.8986377475000675e-05,0.08213003902360339,0.03214564174413681
106,"IISER Tirupati 260625 33BTBI serum
cpmg short",Day4,Day4,Day4,Day4,0.780248447846513,0.7726242582283979,0.8339945077896118
107,IISER Tirupati Sample 23122025- 49B cpmg,Day4,Day1,Day4,Day1,0.4482728662715056,0.8345023360769411,0.19464166462421417
108,"IISER Tirupati 190625 3ATBI serum
cpmg short",Day1,Day1,Day1,Day1,0.009762438330905336,0.36409327497963245,0.01525657158344984
109,"IISER Tirupati 210625 12ATBI serum
cpmg short",Day1,Day1,Day4,Day1,0.04767830010972924,0.4740199776732549,0.02152719721198082
110,"IISER Tirupati 210625 8BTBI serum
cpmg short",Day4,Day4,Day4,Day4,0.6538158447516823,0.5,0.9658346176147461
111,IISER Tirupati Sample 23122025- 57B cpmg short,Day4,Day4,Day4,Day4,0.9269816497737564,0.7088049268211308,0.9625722169876099
112,"IISER Tirupati 210625 12BTBI serum
cpmg short",Day4,Day4,Day4,Day1,0.9215946984187344,0.6929071704271105,0.3320603668689728
113,"IISER Tirupati 260625 30ATBI serum
cpmg",Day1,Day1,Day1,Day1,0.006300987012350147,0.09657775911008744,0.423468679189682
114,"IISER Tirupati 260625 31ATBI serum
cpmg short",Day1,Day1,Day1,Day1,0.00029399251879491705,0.07239176907757142,0.0037660489324480295
115,IISER Tirupati Sample 23122025- 56A cpmg short,Day1,Day1,Day4,Day1,0.31306157564030956,0.7417570095139456,0.09611507505178452
116,"IISER Tirupati 200625 4BTBI serum
cpmg",Day4,Day4,Day4,Day4,0.9978288582108091,0.8640817402540707,0.996559202671051
117,"IISER Tirupati 210625 12BTBI serum
cpmg",Day4,Day4,Day4,Day4,0.9441503563429001,0.760477225756597,0.5629001259803772
118,"IISER Tirupati 210625 8BTBI serum
cpmg",Day4,Day4,Day4,Day4,0.80005659550725,0.6770984548101212,0.9491340517997742
119,"IISER Tirupati 240625 19ATBI serum
cpmg",Day1,Day1,Day1,Day1,0.003902068419056086,0.10188621007535842,0.0008579758577980101
120,"IISER Tirupati 230625 15ATBI serum
cpmg",Day1,Day1,Day1,Day1,0.08131900264059179,0.2752893741574625,0.013730034232139587
121,"IISER Tirupati 200625 4ATBI serum
cpmg",Day1,Day1,Day1,Day1,0.04821435335553938,0.264804408588147,0.0032910581212490797
122,"IISER Tirupati 260625 34BTBI serum
cpmg",Day4,Day4,Day4,Day4,0.9834220811141172,0.6252254931329237,0.9818598628044128
123,"IISER Tirupati 270625 38ATBI serum
cpmg short",Day1,Day1,Day1,Day1,0.1567242687884284,0.41000386113142284,0.011071898974478245
124,"IISER Tirupati 200625 4ATBI serum
cpmg short",Day1,Day1,Day1,Day1,0.055845648655286066,0.31670459076075236,0.024063248187303543
125,IISER Tirupati Sample 23122025- 52B cpmg short,Day4,Day4,Day4,Day4,0.6508074666642681,0.694852880163998,0.9516997337341309
126,"IISER Tirupati 240625 19ATBI serum
cpmg short",Day1,Day1,Day1,Day1,0.023072161158245064,0.18391431394755198,0.0028385305777192116
127,IISER Tirupati Sample 23122025- 49A cpmg,Day1,Day4,Day4,Day1,0.6597779474916434,0.7609682904383438,0.13092365860939026
128,"IISER Tirupati 200625 2BTBI serum
cpmg short",Day4,Day4,Day4,Day4,0.9606259505577667,0.8352406497326594,0.978634238243103
129,IISER Tirupati Sample 23122025- 48B cpmg,Day4,Day4,Day4,Day4,0.7126731382517727,0.7824223607424843,0.6536206007003784
130,"IISER Tirupati 260625 34BTBI serum
cpmg short",Day4,Day4,Day4,Day4,0.981883737572443,0.5999001062249059,0.9706786870956421
131,"IISER Tirupati 240625 18BTBI serum
cpmg short",Day4,Day4,Day4,Day4,0.7682937026317498,0.690906353035026,0.9269018173217773
132,"IISER Tirupati 220625 13ATBI serum
cpmg short",Day1,Day1,Day1,Day1,0.01237211857827132,0.14689741106396675,0.010258459486067295
133,"IISER Tirupati 210625 9ATBI serum
cpmg short",Day1,Day1,Day4,Day1,0.279629369405807,0.4919233995637032,0.3835051655769348
134,"IISER Tirupati 260625 29ATBI serum
cpmg",Day1,Day1,Day4,Day1,0.12909386411521948,0.555540476553431,0.07394743710756302
135,"IISER Tirupati 230625 13BTBI serum
cpmg short",Day4,Day4,Day4,Day4,0.5394651247215574,0.48335024996039466,0.8181226253509521
136,"IISER Tirupati 210625 9BTBI serum
cpmg short",Day4,Day4,Day4,Day4,0.9963499881988362,0.7974976529892774,0.9844995737075806
137,IISER Tirupati Sample 23122025- 55A cpmg short,Day1,Day1,Day1,Day1,0.1162431872426379,0.3629782194601699,0.29659780859947205
138,"IISER Tirupati 260625 32ATBI serum
cpmg short",Day1,Day1,Day1,Day1,0.00044652022892018527,0.15665303778146494,0.1536102592945099
139,"IISER Tirupati 210625 9BTBI serum
cpmg",Day4,Day4,Day4,Day4,0.9810462011096821,0.7019927713191361,0.9939243197441101
140,"IISER Tirupati 230625 13BTBI serum
cpmg",Day4,Day4,Day4,Day1,0.6560623266496101,0.47309791631282055,0.26955798268318176
141,"IISER Tirupati 200625 5BTBI serum
cpmg",Day4,Day4,Day4,Day4,0.988395206556306,0.8678657842019059,0.9980452060699463
142,"IISER Tirupati 270625 35BTBI serum
cpmg",Day4,Day4,Day4,Day4,0.9996700389467748,0.8391239047104617,0.9914939403533936
143,"IISER Tirupati 230625 16BTBI serum
cpmg",Day4,Day4,Day4,Day4,0.9510992992522985,0.6447043406431303,0.9964293837547302
144,IISER Tirupati Sample 23122025- 51B cpmg,Day4,Day4,Day1,Day4,0.873421658825238,0.2813469140901353,0.9401629567146301
145,"IISER Tirupati 270625 35BTBI serum
cpmg short",Day4,Day4,Day4,Day4,0.9995674628810842,0.9207666957124423,0.9964132905006409
146,IISER Tirupati Sample 23122025- 49B cpmg short,Day4,Day4,Day4,Day1,0.6108959732703645,0.8343138089460431,0.4988783895969391
147,"IISER Tirupati 270625 38ATBI serum
cpmg",Day1,Day1,Day4,Day1,0.499978927195959,0.5,0.03107507713139057
148,IISER Tirupati Sample 23122025- 52A cpmg,Day1,Day1,Day1,Day1,0.0003398128252908409,0.03754314199662312,0.0022375229746103287
149,"IISER Tirupati 260625 32ATBI serum
cpmg",Day1,Day1,Day1,Day1,0.007312935792987401,0.10534455914279259,0.4845888912677765
150,"IISER Tirupati 210625 10BTBI serum
cpmg short",Day4,Day4,Day4,Day4,0.9024381827423225,0.6256263485405711,0.9653609395027161
151,"IISER Tirupati 210625 10ATBI serum
cpmg short",Day1,Day4,Day1,Day4,0.9196389962995858,0.40714893818256087,0.951805591583252
152,IISER Tirupati Sample 23122025- 57B cpmg,Day4,Day4,Day4,Day4,0.936317093234326,0.746539558375383,0.887317955493927
153,"IISER Tirupati 210625 10BTBI serum
cpmg",Day4,Day4,Day4,Day4,0.959470820315412,0.732153867691783,0.9599549770355225
154,"IISER Tirupati 200625 6BTBI serum
cpmg",Day4,Day4,Day4,Day4,0.9185704842061182,0.7038062452083977,0.9686648845672607
155,IISER Tirupati Sample 23122025- 54A cpmg short,Day1,Day4,Day1,Day1,0.5041539701456329,0.4060892908047788,0.07973896712064743
156,"IISER Tirupati 260625 29ATBI serum
cpmg short",Day1,Day1,Day4,Day1,0.024744641149817406,0.5409079142895331,0.3096856474876404
158,"IISER Tirupati 250625 27ATBI serum
cpmg",Day1,Day1,Day1,Day1,0.02209095389186026,0.05860915451025534,0.19937069714069366
159,"IISER Tirupati 250625 26BTBI serum
cpmg short",Day4,Day4,Day4,Day4,0.6465278085108935,0.6750635255944937,0.9733388423919678
160,"IISER Tirupati 22122025 39B serum
cpmg short",Day4,Day4,Day4,Day4,0.9911566168333169,0.846260627829619,0.9826693534851074
162,"IISER Tirupati 250625 26BTBI serum
cpmg",Day4,Day4,Day4,Day4,0.6029907453074582,0.6861015438649672,0.8972914218902588
163,IISER Tirupati Sample 22122025- 41A cpmg short,Day1,Day1,Day4,Day1,0.26037437528973606,0.683134743445374,0.02197238802909851
164,IISER Tirupati Sample 23122025- 46B cpmg,Day4,Day4,Day4,Day4,0.9828081028109187,0.8302453162602291,0.9857316613197327
165,"IISER Tirupati 240625 21BTBI serum
cpmg",Day4,Day4,Day4,Day1,0.87646794162896,0.8289218262050002,0.4279431402683258
166,IISER Tirupati Sample 23122025- 47A cpmg,Day1,Day4,Day4,Day1,0.6448077809252327,0.82850947010085,0.10642573237419128
167,"IISER Tirupati 250625 24ATBI serum
cpmg short",Day1,Day1,Day1,Day1,0.0044893914903772385,0.07329234286852529,0.0398138053715229
168,"IISER Tirupati 250625 24ATBI serum
cpmg",Day1,Day1,Day1,Day1,0.0008014289515638393,0.10973399288554601,0.006032472942024469
169,"IISER Tirupati 250625 27ATBI serum
cpmg short",Day1,Day1,Day1,Day1,0.026358140305901168,0.1475253148204758,0.10105127841234207
170,IISER Tirupati Sample 23122025- 46A cpmg short,Day1,Day1,Day1,Day1,0.0001177293635960026,0.30501305879139745,0.005903270561248064
171,IISER Tirupati Sample 23122025- 47B cpmg short,Day4,Day4,Day4,Day4,0.6968983616515237,0.828078125247807,0.8133114576339722
172,"IISER Tirupati 240625 20BTBI serum
cpmg",Day4,Day4,Day4,Day1,0.7974763976098388,0.6085635467340792,0.27511781454086304
173,IISER Tirupati Sample 23122025- 48A cpmg short,Day1,Day1,Day4,Day1,0.18526946427310753,0.5620270738448733,0.03690704330801964
174,IISER Tirupati Sample 22122025- 43B cpmg short,Day4,Day4,Day4,Day4,0.8040115577931941,0.7513317007331902,0.7016897797584534
175,IISER Tirupati Sample 22122025- 42A cpmg,Day1,Day4,Day4,Day1,0.5976726031612599,0.7950824795771414,0.4401841163635254
176,IISER Tirupati Sample 22122025- 41B cpmg,Day4,Day1,Day4,Day4,0.4376768277870948,0.787973619079271,0.9502891302108765
177,"IISER Tirupati 250625 24BTBI serum
cpmg",Day4,Day4,Day4,Day4,0.9779254740967142,0.7755234296729838,0.9600648880004883
178,"IISER Tirupati 270625 38BTBI serum
cpmg short",Day4,Day4,Day4,Day4,0.9539144449605474,0.9256460933858649,0.9970581531524658
179,IISER Tirupati Sample 22122025- 40A cpmg short,Day1,Day1,Day1,Day1,0.01866921074453447,0.1682735149267393,0.011398311704397202
180,"IISER Tirupati 250625 25ATBI serum
cpmg short",Day1,Day1,Day1,Day1,1.5621480026201902e-05,0.04988540726924923,0.002183743752539158
181,"IISER Tirupati 250625 23ATBI serum
cpmg",Day1,Day1,Day1,Day1,0.0020896839288445535,0.10537999517722992,0.0061919246800243855
182,"IISER Tirupati 240625 20ATBI serum
cpmg short",Day1,Day1,Day1,Day1,0.0004977901257696098,0.09904743313992036,0.0022205777931958437
183,"IISER Tirupati 240625 19BTBI serum
cpmg short",Day4,Day4,Day4,Day4,0.9729344200013335,0.8780489829400687,0.996051013469696
184,"IISER Tirupati 240625 20ATBI serum
cpmg",Day1,Day1,Day1,Day1,0.017381525849885504,0.08196623580836429,0.014364988543093204
185,IISER Tirupati Sample 22122025- 42B cpmg,Day4,Day4,Day1,Day4,0.7245476633204191,0.3892999604644573,0.5706138014793396
186,"IISER Tirupati 250625 23ATBI serum
cpmg short",Day1,Day1,Day1,Day1,0.043807231384439316,0.11186530799433218,0.48033758997917175
187,IISER Tirupati Sample 22122025- 42B cpmg short,Day4,Day4,Day1,Day4,0.9121142477798112,0.29587943879914713,0.909048318862915
188,IISER Tirupati Sample 22122025- 43A cpmg,Day1,Day1,Day1,Day1,0.11781726071393676,0.24059387729193762,0.06642933934926987
189,"IISER Tirupati 250625 25ATBI serum
cpmg",Day1,Day1,Day1,Day1,6.185613227742141e-06,0.05285863572356776,0.0059600998647511005
190,"IISER Tirupati 250625 28BTBI serum
cpmg short",Day4,Day1,Day4,Day4,0.4049616315239746,0.5138565710477906,0.8581802248954773
191,"IISER Tirupati 270625 38BTBI serum
cpmg",Day4,Day4,Day4,Day4,0.9551402633906687,0.8532108283372866,0.9890934228897095
192,"IISER Tirupati 250625 24BTBI serum
cpmg short",Day4,Day4,Day4,Day4,0.9858771876880771,0.7754279195908477,0.990888237953186
193,"IISER Tirupati 250625 28BTBI serum
cpmg",Day4,Day4,Day4,Day4,0.983344466795221,0.7554133841310019,0.9982736110687256
194,"IISER Tirupati 200625 5ATBI serum
cpmg short",Day1,Day1,Day1,Day1,0.01853317143498576,0.06288927857117037,0.05505513772368431
195,IISER Tirupati Sample 23122025- 53B cpmg short,Day4,Day4,Day1,Day4,0.9973553965037116,0.4440768783820746,0.5575629472732544
196,IISER Tirupati Sample 23122025- 56A cpmg short,Day1,Day1,Day4,Day1,0.34197674095687675,0.658807056459894,0.15539640188217163
197,"IISER Tirupati 200625 4BTBI serum
cpmg short",Day4,Day4,Day4,Day4,0.9994261607145393,0.8640754984169633,0.9896271228790283
198,IISER Tirupati Sample 23122025- 55B cpmg,Day4,Day1,Day4,Day4,0.46273841331096,0.7534347284706727,0.9039180278778076
199,"IISER Tirupati 260625 31BTBI serum
cpmg short",Day4,Day4,Day4,Day4,0.9971741114727335,0.9126009569741096,0.9949140548706055
200,"IISER Tirupati 210625 12ATBI serum
cpmg",Day1,Day1,Day4,Day1,0.21114791632210603,0.5,0.49172013998031616
201,"IISER Tirupati 200625 5ATBI serum
cpmg",Day1,Day1,Day1,Day1,0.001596921678079481,0.09014936228686567,0.03901417553424835
202,"IISER Tirupati 260625 31BTBI serum
cpmg",Day4,Day4,Day4,Day4,0.9941611707623759,0.8521398814246283,0.9963276982307434
203,IISER Tirupati Sample 23122025- 50A cpmg short,Day1,Day1,Day4,Day1,0.22452800288730984,0.6011245482968648,0.04474879801273346
204,"IISER Tirupati 260625 33ATBI serum
cpmg short",Day1,Day1,Day4,Day1,0.2787054736928142,0.5119073377433954,0.08727535605430603
205,"IISER Tirupati 270625 37BTBI serum
cpmg",Day4,Day4,Day4,Day1,0.6775535649246103,0.6484048518257621,0.49815863370895386
206,"IISER Tirupati 240625 16ATBI serum
cpmg",Day1,Day1,Day1,Day1,0.0001650813622190092,0.05832240052729986,0.026329919695854187
207,"IISER Tirupati 230625 14BTBI serum
cpmg",Day4,Day4,Day4,Day4,0.9904149906597043,0.4770578062578446,0.7185229659080505
208,"IISER Tirupati 190625 3ATBI serum
cpmg",Day1,Day1,Day1,Day1,0.07824624314855949,0.4205767127647718,0.06503807008266449
209,"IISER Tirupati 230625 14ATBI serum
cpmg short",Day1,Day1,Day1,Day1,0.16085753373196618,0.17664866510750193,0.05130548030138016
210,"IISER Tirupati 270625 37BTBI serum
cpmg short",Day4,Day4,Day4,Day1,0.5244482372115236,0.61431878767956,0.2583928108215332
211,"IISER Tirupati 270625 36ATBI serum
cpmg",Day1,Day1,Day1,Day1,0.012738863325729004,0.14372945736182496,0.002085193293169141
212,"IISER Tirupati 230625 14BTBI serum
cpmg short",Day4,Day4,Day4,Day4,0.9939121332481303,0.55757421652165,0.8836010694503784
213,"IISER Tirupati 210625 7BTBI serum
cpmg short",Day4,Day4,Day4,Day4,0.877993236999663,0.6435982688602893,0.8509417176246643
214,IISER Tirupati Sample 23122025- 52B cpmg,Day4,Day4,Day1,Day4,0.5714637960916128,0.351929936237198,0.8613904714584351
215,"IISER Tirupati 260625 30BTBI serum
cpmg short",Day4,Day4,Day4,Day4,0.9993953620273436,0.8596021463346699,0.9958972930908203
216,"IISER Tirupati 210625 8ATBI serum
cpmg short",Day1,Day1,Day1,Day1,0.04495624687068232,0.21465615302385754,0.010949327610433102
217,IISER Tirupati Sample 23122025- 56B cpmg short,Day4,Day1,Day1,Day1,0.2952122392889433,0.426252103557158,0.44165849685668945
218,IISER Tirupati Sample 23122025- 53A cpmg,Day1,Day1,Day1,Day1,0.0030543221520537216,0.10184353475507694,0.007400134578347206
219,"IISER Tirupati 260625 30BTBI serum
cpmg",Day4,Day4,Day4,Day4,0.9994669776772861,0.8128408532098296,0.9955244064331055
220,IISER Tirupati Sample 23122025- 57A cpmg short,Day1,Day4,Day4,Day1,0.6527698495867156,0.4845774251313726,0.1102040484547615
221,"IISER Tirupati 210625 11ATBI serum
cpmg",Day1,Day1,Day1,Day1,0.10014492274831967,0.435914987370824,0.05734724551439285
222,"IISER Tirupati 210625 8ATBI serum
cpmg",Day1,Day1,Day1,Day1,0.2667634448777336,0.31988357551863533,0.041178714483976364
223,"IISER Tirupati 230625 17BTBI serum
cpmg short",Day4,Day4,Day4,Day4,0.805909027834753,0.72008344131009,0.747816801071167
224,"IISER Tirupati 190625 1BTBI serum
cpmg ns128",Day4,Day4,Day1,Day4,0.9559192779039002,0.3903611668497264,0.5680938363075256
225,IISER Tirupati 190625 1ATBI serum,Day1,Day1,Day1,Day1,0.004802506280398016,0.16007344333159443,0.012364402413368225
226,IISER Tirupati Sample 23122025- 51A cpmg short,Day1,Day1,Day1,Day1,0.037941226608790596,0.17980131637614388,0.025003157556056976
227,"IISER Tirupati 270625 36ATBI serum
cpmg short",Day1,Day1,Day1,Day1,0.012464557520066333,0.10725635580878133,0.004445373546332121
228,"IISER Tirupati 260625 33ATBI serum
cpmg",Day1,Day1,Day4,Day1,0.2893240931191454,0.46373706342833393,0.045487336814403534
229,"IISER Tirupati 230625 17BTBI serum
cpmg short",Day4,Day4,Day4,Day4,0.9657957253239673,0.801621778839655,0.9792851805686951
230,"IISER Tirupati 230625 17ATBI serum
cpmg short",Day1,Day4,Day4,Day4,0.9770743096837317,0.6728207849583939,0.8280873894691467
