npy_row,sample_id,sample_name,label_column,label,target,classical_logistic_regression_prediction,classical_logistic_regression_prob_case,classical_logistic_regression_prob_control,classical_svm_rbf_prediction,classical_svm_rbf_prob_case,classical_svm_rbf_prob_control,classical_xgboost_prediction,classical_xgboost_prob_case,classical_xgboost_prob_control,jigsaw_jigsaw_bin_1024_frozen_prediction,jigsaw_jigsaw_bin_1024_frozen_prob_case,jigsaw_jigsaw_bin_1024_frozen_prob_control,jigsaw_jigsaw_bin_1024_unfreeze_last_1_prediction,jigsaw_jigsaw_bin_1024_unfreeze_last_1_prob_case,jigsaw_jigsaw_bin_1024_unfreeze_last_1_prob_control,jigsaw_jigsaw_bin_1024_unfreeze_last_2_prediction,jigsaw_jigsaw_bin_1024_unfreeze_last_2_prob_case,jigsaw_jigsaw_bin_1024_unfreeze_last_2_prob_control,jigsaw_jigsaw_bin_1024_unfreeze_last_3_prediction,jigsaw_jigsaw_bin_1024_unfreeze_last_3_prob_case,jigsaw_jigsaw_bin_1024_unfreeze_last_3_prob_control,jigsaw_jigsaw_bin_2048_frozen_prediction,jigsaw_jigsaw_bin_2048_frozen_prob_case,jigsaw_jigsaw_bin_2048_frozen_prob_control,jigsaw_jigsaw_bin_2048_unfreeze_last_1_prediction,jigsaw_jigsaw_bin_2048_unfreeze_last_1_prob_case,jigsaw_jigsaw_bin_2048_unfreeze_last_1_prob_control,jigsaw_jigsaw_bin_2048_unfreeze_last_2_prediction,jigsaw_jigsaw_bin_2048_unfreeze_last_2_prob_case,jigsaw_jigsaw_bin_2048_unfreeze_last_2_prob_control,jigsaw_jigsaw_bin_2048_unfreeze_last_3_prediction,jigsaw_jigsaw_bin_2048_unfreeze_last_3_prob_case,jigsaw_jigsaw_bin_2048_unfreeze_last_3_prob_control,jigsaw_jigsaw_bin_256_frozen_prediction,jigsaw_jigsaw_bin_256_frozen_prob_case,jigsaw_jigsaw_bin_256_frozen_prob_control,jigsaw_jigsaw_bin_256_unfreeze_last_1_prediction,jigsaw_jigsaw_bin_256_unfreeze_last_1_prob_case,jigsaw_jigsaw_bin_256_unfreeze_last_1_prob_control,jigsaw_jigsaw_bin_256_unfreeze_last_2_prediction,jigsaw_jigsaw_bin_256_unfreeze_last_2_prob_case,jigsaw_jigsaw_bin_256_unfreeze_last_2_prob_control,jigsaw_jigsaw_bin_256_unfreeze_last_3_prediction,jigsaw_jigsaw_bin_256_unfreeze_last_3_prob_case,jigsaw_jigsaw_bin_256_unfreeze_last_3_prob_control,jigsaw_jigsaw_bin_512_frozen_prediction,jigsaw_jigsaw_bin_512_frozen_prob_case,jigsaw_jigsaw_bin_512_frozen_prob_control,jigsaw_jigsaw_bin_512_unfreeze_last_1_prediction,jigsaw_jigsaw_bin_512_unfreeze_last_1_prob_case,jigsaw_jigsaw_bin_512_unfreeze_last_1_prob_control,jigsaw_jigsaw_bin_512_unfreeze_last_2_prediction,jigsaw_jigsaw_bin_512_unfreeze_last_2_prob_case,jigsaw_jigsaw_bin_512_unfreeze_last_2_prob_control,jigsaw_jigsaw_bin_512_unfreeze_last_3_prediction,jigsaw_jigsaw_bin_512_unfreeze_last_3_prob_case,jigsaw_jigsaw_bin_512_unfreeze_last_3_prob_control,jigsaw_jigsaw_multibin_frozen_prediction,jigsaw_jigsaw_multibin_frozen_prob_case,jigsaw_jigsaw_multibin_frozen_prob_control,jigsaw_jigsaw_multibin_unfreeze_last_1_prediction,jigsaw_jigsaw_multibin_unfreeze_last_1_prob_case,jigsaw_jigsaw_multibin_unfreeze_last_1_prob_control,jigsaw_jigsaw_multibin_unfreeze_last_2_prediction,jigsaw_jigsaw_multibin_unfreeze_last_2_prob_case,jigsaw_jigsaw_multibin_unfreeze_last_2_prob_control,jigsaw_jigsaw_multibin_unfreeze_last_3_prediction,jigsaw_jigsaw_multibin_unfreeze_last_3_prob_case,jigsaw_jigsaw_multibin_unfreeze_last_3_prob_control,joint_ssl_joint_ssl_frozen_prediction,joint_ssl_joint_ssl_frozen_prob_case,joint_ssl_joint_ssl_frozen_prob_control,joint_ssl_joint_ssl_unfreeze_last_1_prediction,joint_ssl_joint_ssl_unfreeze_last_1_prob_case,joint_ssl_joint_ssl_unfreeze_last_1_prob_control,joint_ssl_joint_ssl_unfreeze_last_2_prediction,joint_ssl_joint_ssl_unfreeze_last_2_prob_case,joint_ssl_joint_ssl_unfreeze_last_2_prob_control,joint_ssl_joint_ssl_unfreeze_last_3_prediction,joint_ssl_joint_ssl_unfreeze_last_3_prob_case,joint_ssl_joint_ssl_unfreeze_last_3_prob_control,masking_mask_20_frozen_prediction,masking_mask_20_frozen_prob_case,masking_mask_20_frozen_prob_control,masking_mask_20_unfreeze_last_1_prediction,masking_mask_20_unfreeze_last_1_prob_case,masking_mask_20_unfreeze_last_1_prob_control,masking_mask_20_unfreeze_last_2_prediction,masking_mask_20_unfreeze_last_2_prob_case,masking_mask_20_unfreeze_last_2_prob_control,masking_mask_20_unfreeze_last_3_prediction,masking_mask_20_unfreeze_last_3_prob_case,masking_mask_20_unfreeze_last_3_prob_control,masking_mask_30_frozen_prediction,masking_mask_30_frozen_prob_case,masking_mask_30_frozen_prob_control,masking_mask_30_unfreeze_last_1_prediction,masking_mask_30_unfreeze_last_1_prob_case,masking_mask_30_unfreeze_last_1_prob_control,masking_mask_30_unfreeze_last_2_prediction,masking_mask_30_unfreeze_last_2_prob_case,masking_mask_30_unfreeze_last_2_prob_control,masking_mask_30_unfreeze_last_3_prediction,masking_mask_30_unfreeze_last_3_prob_case,masking_mask_30_unfreeze_last_3_prob_control,masking_mask_40_frozen_prediction,masking_mask_40_frozen_prob_case,masking_mask_40_frozen_prob_control,masking_mask_40_unfreeze_last_1_prediction,masking_mask_40_unfreeze_last_1_prob_case,masking_mask_40_unfreeze_last_1_prob_control,masking_mask_40_unfreeze_last_2_prediction,masking_mask_40_unfreeze_last_2_prob_case,masking_mask_40_unfreeze_last_2_prob_control,masking_mask_40_unfreeze_last_3_prediction,masking_mask_40_unfreeze_last_3_prob_case,masking_mask_40_unfreeze_last_3_prob_control,masking_mask_50_frozen_prediction,masking_mask_50_frozen_prob_case,masking_mask_50_frozen_prob_control,masking_mask_50_unfreeze_last_1_prediction,masking_mask_50_unfreeze_last_1_prob_case,masking_mask_50_unfreeze_last_1_prob_control,masking_mask_50_unfreeze_last_2_prediction,masking_mask_50_unfreeze_last_2_prob_case,masking_mask_50_unfreeze_last_2_prob_control,masking_mask_50_unfreeze_last_3_prediction,masking_mask_50_unfreeze_last_3_prob_case,masking_mask_50_unfreeze_last_3_prob_control
0,SVCM0221,SVCM0221,label,Control,0,Control,0.02675688057174268,0.9732431194282574,Case,0.6635647231015311,0.3364352768984691,Case,0.7568269371986389,0.24317306280136108,Control,0.4389113783836365,0.5610886216163635,Control,0.40318864583969116,0.5968112945556641,Control,0.32590389251708984,0.6740961074829102,Case,0.5868486166000366,0.41315141320228577,Case,0.5236192941665649,0.47638073563575745,Case,0.5073522329330444,0.49264776706695557,Case,0.582606852054596,0.4173930883407593,Control,0.4740173816680908,0.5259826183319092,Case,0.5497159957885742,0.4502839744091034,Case,0.5489897727966309,0.45101022720336914,Case,0.8488655090332031,0.15113450586795807,Case,0.9805328845977783,0.019467055797576904,Control,0.4638505280017853,0.5361494421958923,Control,0.44711360335350037,0.5528863668441772,Control,0.4287063479423523,0.5712935924530029,Control,0.2280200868844986,0.7719799280166626,Case,0.6954169869422913,0.30458304286003113,Case,0.8196602463722229,0.1803397834300995,Case,0.8566157221794128,0.14338427782058716,Case,0.9815350770950317,0.018464921042323112,Control,0.34232819080352783,0.6576718091964722,Control,0.3635712265968323,0.6364287734031677,Case,0.6023529171943665,0.39764711260795593,Case,0.5190674662590027,0.4809325337409973,Case,0.6264299750328064,0.373570054769516,Case,0.6212270855903625,0.37877288460731506,Case,0.6203517913818359,0.3796481490135193,Case,0.5714858174324036,0.4285142123699188,Case,0.625981867313385,0.3740181624889374,Case,0.6194691061973572,0.38053083419799805,Case,0.623223066329956,0.37677693367004395,Case,0.6442219018936157,0.35577812790870667,Case,0.696334958076477,0.30366501212120056,Case,0.6816310286521912,0.3183690011501312,Case,0.6768844127655029,0.32311558723449707,Case,0.7315261960029602,0.2684737741947174,Case,0.6442508697509766,0.3557491600513458,Case,0.6486228704452515,0.35137709975242615,Case,0.6405006051063538,0.35949942469596863,Case,0.5865575671195984,0.4134424328804016
1,SVCM0301,SVCM0301,label,Control,0,Case,0.635694799506148,0.36430520049385196,Control,0.5642994785984183,0.43570052140158166,Case,0.9561030268669128,0.04389697313308716,Case,0.7827520370483398,0.21724800765514374,Case,0.8315645456314087,0.1684354692697525,Case,0.892709493637085,0.10729055851697922,Case,0.9811837673187256,0.018816273659467697,Case,0.5771751403808594,0.42282482981681824,Control,0.4404517114162445,0.5595482587814331,Control,0.4649036228656769,0.5350964069366455,Control,0.2721199095249176,0.72788006067276,Control,0.1719750165939331,0.8280249238014221,Control,0.16634586453437805,0.8336541056632996,Control,0.009765922091901302,0.9902341365814209,Control,0.0020757419988512993,0.9979242086410522,Control,0.3871760666370392,0.6128239631652832,Control,0.3281243145465851,0.6718756556510925,Control,0.20823295414447784,0.7917670607566833,Control,0.1171666607260704,0.8828333020210266,Case,0.664773166179657,0.33522680401802063,Case,0.7431614995002747,0.25683844089508057,Case,0.5952340364456177,0.40476593375205994,Control,0.36402061581611633,0.635979413986206,Case,0.5219577550888062,0.47804221510887146,Case,0.5657342672348022,0.43426570296287537,Case,0.6844603419303894,0.3155395984649658,Case,0.6862520575523376,0.31374797224998474,Case,0.6717188358306885,0.3282811939716339,Case,0.6389825940132141,0.3610173761844635,Case,0.6677091717720032,0.3322908282279968,Case,0.6247462630271912,0.37525373697280884,Case,0.6650817394256592,0.33491823077201843,Case,0.651096522808075,0.3489034175872803,Case,0.6534780263900757,0.3465219736099243,Case,0.6688500642776489,0.33114996552467346,Case,0.6515386700630188,0.3484613299369812,Case,0.666693925857544,0.3333060145378113,Case,0.6983146667480469,0.3016853630542755,Case,0.7349386811256409,0.26506131887435913,Case,0.7371058464050293,0.2628941833972931,Case,0.7427538633346558,0.25724613666534424,Case,0.745759904384613,0.2542400658130646,Case,0.8188363313674927,0.18116363883018494
2,SVCM0305,SVCM0305,label,Control,0,Control,0.07423084798922092,0.9257691520107791,Control,0.5450466162065625,0.45495338379343747,Control,0.23263046145439148,0.7673695087432861,Control,0.31850552558898926,0.6814944744110107,Control,0.36454904079437256,0.6354509592056274,Control,0.35556766390800476,0.6444323658943176,Control,0.37355944514274597,0.6264405846595764,Control,0.3554445505142212,0.6445554494857788,Control,0.2983671724796295,0.7016327977180481,Control,0.2940536141395569,0.7059463262557983,Control,0.41487425565719604,0.585125744342804,Control,0.37998223304748535,0.6200177073478699,Control,0.2552507221698761,0.7447493076324463,Control,0.10684991627931595,0.8931500315666199,Control,0.013756869360804558,0.9862430691719055,Control,0.4049842655658722,0.5950157642364502,Control,0.2753138840198517,0.7246861457824707,Control,0.06997501850128174,0.930025041103363,Control,0.007592873182147741,0.9924071431159973,Control,0.3876703679561615,0.6123296022415161,Control,0.3718155026435852,0.6281844973564148,Control,0.09753897041082382,0.9024609923362732,Control,0.018219035118818283,0.981781005859375,Control,0.29440000653266907,0.7056000232696533,Control,0.20262980461120605,0.797370195388794,Control,0.0645904541015625,0.9354095458984375,Control,0.006464172620326281,0.9935358762741089,Case,0.6748011708259583,0.32519882917404175,Case,0.6528441309928894,0.3471558392047882,Case,0.6555110216140747,0.3444889783859253,Case,0.6432322859764099,0.3567677438259125,Case,0.6363193392753601,0.3636806905269623,Case,0.6153371930122375,0.38466280698776245,Case,0.5923262238502502,0.40767380595207214,Case,0.5596728920936584,0.44032710790634155,Control,0.45815959572792053,0.5418404340744019,Control,0.40520069003105164,0.594799280166626,Control,0.2953737676143646,0.7046262621879578,Control,0.08334608376026154,0.9166539311408997,Case,0.5673782229423523,0.4326217770576477,Case,0.5356150269508362,0.46438494324684143,Control,0.4693809449672699,0.5306190252304077,Control,0.2997893989086151,0.7002105712890625
3,SVCM0307,SVCM0307,label,Control,0,Case,0.8050110944956603,0.19498890550433967,Case,0.5919177946268306,0.40808220537316936,Case,0.6970770955085754,0.30292290449142456,Case,0.9405792951583862,0.059420738369226456,Case,0.965420126914978,0.034579914063215256,Case,0.9683315753936768,0.03166848421096802,Case,0.9049267768859863,0.0950731709599495,Case,0.5471155047416687,0.4528845250606537,Case,0.5288689732551575,0.47113102674484253,Control,0.45437586307525635,0.5456241369247437,Control,0.38700294494628906,0.6129970550537109,Case,0.7922321557998657,0.20776782929897308,Case,0.9104925990104675,0.08950735628604889,Case,0.834380030632019,0.16561995446681976,Case,0.7210195064544678,0.27898043394088745,Case,0.7724073529243469,0.22759267687797546,Case,0.8040206432342529,0.19597935676574707,Case,0.6526345610618591,0.3473654091358185,Control,0.12639902532100677,0.873600959777832,Control,0.482443243265152,0.5175567269325256,Control,0.3615587055683136,0.6384413242340088,Control,0.28117942810058594,0.7188205718994141,Control,0.1709035336971283,0.8290964365005493,Case,0.7922455668449402,0.20775443315505981,Case,0.8134687542915344,0.1865312159061432,Case,0.7648873329162598,0.235112726688385,Case,0.7889912724494934,0.2110087126493454,Case,0.6798518896102905,0.3201481103897095,Case,0.6874792575836182,0.31252071261405945,Case,0.6932767629623413,0.3067232072353363,Case,0.7346781492233276,0.26532188057899475,Case,0.7132553458213806,0.2867446541786194,Case,0.7270423769950867,0.27295756340026855,Case,0.7163563370704651,0.2836436629295349,Case,0.7960332632064819,0.20396672189235687,Case,0.5453319549560547,0.4546680748462677,Case,0.5771566033363342,0.42284339666366577,Case,0.5657596588134766,0.43424034118652344,Case,0.6029491424560547,0.3970508277416229,Case,0.6185144186019897,0.38148558139801025,Case,0.6300237774848938,0.3699761629104614,Case,0.6009610891342163,0.3990389406681061,Case,0.6152793765068054,0.38472068309783936
4,SVCM0308,SVCM0308,label,Control,0,Control,0.0003599663422025217,0.9996400336577975,Control,0.5617458432590157,0.4382541567409845,Case,0.8549379706382751,0.14506202936172485,Case,0.7322566509246826,0.267743319272995,Case,0.7505190372467041,0.2494809478521347,Case,0.6536449790000916,0.34635496139526367,Control,0.38358503580093384,0.6164150238037109,Case,0.7145084738731384,0.2854914963245392,Case,0.6185724139213562,0.381427526473999,Control,0.44801580905914307,0.5519841313362122,Case,0.5974984765052795,0.40250152349472046,Case,0.7679544687271118,0.2320454716682434,Case,0.7466197609901428,0.25338026881217957,Case,0.7353144288063049,0.26468557119369507,Case,0.8230100274085999,0.17699000239372253,Case,0.6482094526290894,0.35179051756858826,Case,0.5903293490409851,0.40967071056365967,Control,0.4891832172870636,0.510816752910614,Case,0.7847715020179749,0.21522843837738037,Control,0.3922092318534851,0.6077907681465149,Control,0.41945335268974304,0.5805466771125793,Control,0.24088191986083984,0.7591180205345154,Control,0.23450258374214172,0.7654973864555359,Case,0.94947749376297,0.050522539764642715,Case,0.9656314253807068,0.034368570894002914,Case,0.9934242963790894,0.006575689651072025,Case,0.9985451698303223,0.0014548592735081911,Case,0.6409857869148254,0.3590141534805298,Case,0.6476813554763794,0.3523186147212982,Case,0.6679379940032959,0.3320619463920593,Case,0.6274183988571167,0.3725816309452057,Case,0.6071204543113708,0.39287954568862915,Case,0.6042889952659607,0.3957110047340393,Case,0.610670804977417,0.38932913541793823,Case,0.5670714378356934,0.43292859196662903,Case,0.5105958580970764,0.4894041121006012,Control,0.4653812050819397,0.5346187949180603,Control,0.37792935967445374,0.6220706701278687,Control,0.21094238758087158,0.7890576124191284,Case,0.5165489912033081,0.4834510087966919,Case,0.5248150825500488,0.47518491744995117,Case,0.5100422501564026,0.4899577796459198,Control,0.4222303032875061,0.5777696967124939
5,SVCM0313,SVCM0313,label,Control,0,Case,0.9997803844307348,0.00021961556926519687,Control,0.5637894173695147,0.43621058263048523,Control,0.4269435703754425,0.5730564594268799,Control,0.08263940364122391,0.9173606634140015,Control,0.039834290742874146,0.9601657390594482,Control,0.00950196385383606,0.9904980063438416,Control,0.0051666866056621075,0.9948333501815796,Case,0.7614831328392029,0.2385168969631195,Case,0.7362945079803467,0.26370546221733093,Case,0.6177411079406738,0.3822588622570038,Case,0.52132248878479,0.47867751121520996,Case,0.5706342458724976,0.42936575412750244,Control,0.4937606751918793,0.5062392950057983,Control,0.14684775471687317,0.8531522750854492,Control,0.05969376116991043,0.9403061866760254,Control,0.37560218572616577,0.6243978142738342,Control,0.3407090902328491,0.6592909097671509,Control,0.1269495189189911,0.8730505108833313,Control,0.15045136213302612,0.8495486378669739,Control,0.1763840764760971,0.8236159086227417,Control,0.17272286117076874,0.8272771239280701,Control,0.12019328773021698,0.8798067569732666,Control,0.03920783847570419,0.9607921242713928,Control,0.056285399943590164,0.9437145590782166,Control,0.02615712583065033,0.9738429188728333,Control,0.018403468653559685,0.9815965294837952,Control,0.010410603135824203,0.9895893931388855,Case,0.7146076560020447,0.28539231419563293,Case,0.746322751045227,0.25367721915245056,Case,0.7441168427467346,0.255883127450943,Case,0.7305234670639038,0.2694765031337738,Case,0.6318821907043457,0.3681178092956543,Case,0.62827467918396,0.37172532081604004,Case,0.6235700845718384,0.37642985582351685,Case,0.5543766617774963,0.44562336802482605,Case,0.7638271450996399,0.2361728399991989,Case,0.760613203048706,0.23938679695129395,Case,0.7552152872085571,0.24478477239608765,Case,0.834070086479187,0.16592998802661896,Case,0.5542812943458557,0.4457187354564667,Case,0.5359333753585815,0.46406665444374084,Control,0.48362451791763306,0.5163754820823669,Control,0.2735539972782135,0.7264460325241089
6,SVCM0315,SVCM0315,label,Control,0,Control,0.10521333066372028,0.8947866693362797,Case,0.6671948136497499,0.3328051863502503,Control,0.2841213047504425,0.7158787250518799,Case,0.7959603071212769,0.20403966307640076,Case,0.844992458820343,0.1550075262784958,Case,0.9780013561248779,0.021998628973960876,Case,0.9968544840812683,0.0031455426942557096,Control,0.37862104177474976,0.6213789582252502,Control,0.2875015139579773,0.7124984860420227,Control,0.25312379002571106,0.7468761801719666,Control,0.08517251163721085,0.9148275256156921,Case,0.7569237351417542,0.24307629466056824,Case,0.7310415506362915,0.2689584791660309,Control,0.4780764877796173,0.5219234824180603,Case,0.8828412294387817,0.11715878546237946,Case,0.7583000659942627,0.2416999191045761,Case,0.79686439037323,0.2031356245279312,Case,0.800909698009491,0.19909025728702545,Case,0.8352181911468506,0.1647818684577942,Control,0.3005087077617645,0.6994913220405579,Control,0.21894784271717072,0.7810521721839905,Control,0.1785164326429367,0.8214835524559021,Control,0.11118896305561066,0.8888109922409058,Control,0.3699134588241577,0.6300865411758423,Control,0.32674962282180786,0.6732503771781921,Control,0.2572375237941742,0.7427625060081482,Control,0.27163246273994446,0.7283675670623779,Case,0.61142897605896,0.38857102394104004,Case,0.6075895428657532,0.3924104571342468,Case,0.5986887216567993,0.4013112783432007,Case,0.5693675875663757,0.4306323826313019,Case,0.7090516090393066,0.29094836115837097,Case,0.7193135023117065,0.28068652749061584,Case,0.7348393201828003,0.2651606500148773,Case,0.7989823222160339,0.20101770758628845,Case,0.6283105611801147,0.37168946862220764,Case,0.6218140125274658,0.3781859874725342,Case,0.6016877889633179,0.3983122706413269,Case,0.6505413055419922,0.3494586944580078,Case,0.5976105332374573,0.40238940715789795,Case,0.6046719551086426,0.3953280448913574,Case,0.5818371772766113,0.41816285252571106,Case,0.5181331038475037,0.4818669259548187
7,SVCM0403,SVCM0403,label,Control,0,Case,0.8592490814314651,0.14075091856853494,Control,0.5705570104800388,0.4294429895199612,Case,0.6127279996871948,0.3872720003128052,Case,0.6717043519020081,0.32829567790031433,Case,0.6995238661766052,0.30047607421875,Case,0.8352935910224915,0.16470642387866974,Case,0.9095888137817383,0.09041117131710052,Control,0.44813740253448486,0.5518626570701599,Control,0.43752503395080566,0.5624749660491943,Control,0.43720686435699463,0.5627931356430054,Control,0.40191763639450073,0.5980823636054993,Case,0.6702308654785156,0.32976919412612915,Case,0.7384551763534546,0.2615448236465454,Case,0.9577891826629639,0.04221078008413315,Case,0.9508293271064758,0.04917065426707268,Control,0.2144336998462677,0.7855662703514099,Control,0.17786124348640442,0.8221387267112732,Control,0.190167635679245,0.8098323345184326,Control,0.05302800238132477,0.9469719529151917,Case,0.7394331693649292,0.2605668604373932,Case,0.8221431970596313,0.17785681784152985,Case,0.8168891072273254,0.18311093747615814,Control,0.14013125002384186,0.8598687648773193,Control,0.34690505266189575,0.653095006942749,Control,0.29953864216804504,0.7004613280296326,Control,0.4117889404296875,0.5882110595703125,Control,0.23780189454555511,0.7621980905532837,Case,0.648307204246521,0.3516927659511566,Case,0.643367350101471,0.35663267970085144,Case,0.6663311719894409,0.3336687982082367,Case,0.6639771461486816,0.33602288365364075,Case,0.6336415410041809,0.3663584887981415,Case,0.6266669034957886,0.37333306670188904,Case,0.6314079165458679,0.36859211325645447,Case,0.6469265222549438,0.35307350754737854,Case,0.6912735104560852,0.30872654914855957,Case,0.7050179243087769,0.29498201608657837,Case,0.7138925790786743,0.2861074209213257,Case,0.8321003317832947,0.16789963841438293,Case,0.7120786309242249,0.28792136907577515,Case,0.7170765399932861,0.2829234302043915,Case,0.7619083523750305,0.23809166252613068,Case,0.8013631105422974,0.1986369490623474
8,SVCM0416,SVCM0416,label,Control,0,Control,0.21794691499402208,0.7820530850059779,Control,0.4872538407552182,0.5127461592447818,Case,0.6301738023757935,0.36982619762420654,Case,0.8450770974159241,0.15492293238639832,Case,0.910585343837738,0.08941463381052017,Case,0.9503641724586487,0.049635786563158035,Case,0.9724162220954895,0.0275837741792202,Case,0.7839664220809937,0.21603354811668396,Case,0.8515257239341736,0.14847424626350403,Case,0.8508602380752563,0.14913980662822723,Case,0.8479830622673035,0.15201698243618011,Case,0.8818231225013733,0.11817682534456253,Case,0.9269443154335022,0.07305563241243362,Case,0.9869111776351929,0.013088846579194069,Case,0.9974971413612366,0.0025028057862073183,Control,0.44196411967277527,0.5580359101295471,Control,0.4457968473434448,0.5542030930519104,Case,0.5392270088195801,0.4607730209827423,Control,0.3067806661128998,0.6932193636894226,Case,0.9323253035545349,0.0676746666431427,Case,0.9472395181655884,0.052760519087314606,Case,0.9588046669960022,0.041195280849933624,Case,0.9993563294410706,0.000643727951683104,Case,0.8009232878684998,0.19907669723033905,Case,0.8196287155151367,0.18037128448486328,Case,0.9552162885665894,0.044783685356378555,Case,0.9749307036399841,0.025069329887628555,Case,0.6070048809051514,0.3929951786994934,Case,0.5902734398841858,0.4097265601158142,Case,0.5807438492774963,0.41925618052482605,Case,0.5623000860214233,0.43769991397857666,Case,0.6519792079925537,0.3480207622051239,Case,0.6417575478553772,0.3582424521446228,Case,0.6660158634185791,0.3339841663837433,Case,0.6918852925300598,0.3081147074699402,Case,0.7035893797874451,0.29641062021255493,Case,0.7077674269676208,0.2922326326370239,Case,0.743280827999115,0.2567192018032074,Case,0.7945578694343567,0.2054421752691269,Case,0.6567294001579285,0.3432706296443939,Case,0.6700957417488098,0.3299042284488678,Case,0.7077626585960388,0.2922373116016388,Case,0.7719358205795288,0.2280641347169876
9,SVCM0417,SVCM0417,label,Control,0,Control,0.026251752538401056,0.9737482474615989,Case,0.6340221963886978,0.365977803611302,Case,0.745851457118988,0.25414854288101196,Control,0.263062447309494,0.7369375228881836,Control,0.14959481358528137,0.850405216217041,Control,0.06753899902105331,0.9324609637260437,Control,0.018362300470471382,0.9816377758979797,Control,0.42125168442726135,0.578748345375061,Control,0.21242569386959076,0.787574291229248,Control,0.1121961697936058,0.887803852558136,Control,0.10970022529363632,0.8902997374534607,Control,0.14718689024448395,0.8528130650520325,Control,0.030351048335433006,0.9696490168571472,Control,0.001526695559732616,0.9984733462333679,Control,0.0007248952169902623,0.9992751479148865,Control,0.1506667286157608,0.8493332266807556,Control,0.058248866349458694,0.9417511820793152,Control,0.009470743127167225,0.9905292391777039,Control,0.00528652174398303,0.9947134852409363,Control,0.06513649225234985,0.9348635077476501,Control,0.040233686566352844,0.9597663283348083,Control,0.015578169375658035,0.9844218492507935,Control,0.006231524981558323,0.9937684535980225,Control,0.08819618076086044,0.9118038415908813,Control,0.02983233891427517,0.9701676368713379,Control,0.015138646587729454,0.9848613739013672,Control,0.009936179034411907,0.9900638461112976,Case,0.625251054763794,0.37474891543388367,Case,0.6237145662307739,0.37628546357154846,Case,0.6074457168579102,0.39255428314208984,Case,0.5918053984642029,0.40819457173347473,Case,0.638248860836029,0.36175113916397095,Case,0.6424267292022705,0.3575732111930847,Case,0.6418482661247253,0.35815176367759705,Case,0.6468359231948853,0.35316404700279236,Case,0.7059760093688965,0.2940239906311035,Case,0.699841320514679,0.30015867948532104,Case,0.6825887560844421,0.31741130352020264,Case,0.6342980265617371,0.3657020032405853,Case,0.6456992626190186,0.35430070757865906,Case,0.6511702537536621,0.34882980585098267,Case,0.6461668610572815,0.3538331091403961,Case,0.6199288368225098,0.38007113337516785
10,SVCM0418,SVCM0418,label,Control,0,Control,6.831280258135763e-05,0.9999316871974187,Control,0.38477794394647413,0.6152220560535258,Control,0.16938482224941254,0.8306151628494263,Case,0.5933393239974976,0.40666067600250244,Control,0.4448169469833374,0.5551830530166626,Control,0.25390538573265076,0.7460945844650269,Control,0.2143000215291977,0.7857000231742859,Case,0.5104314088821411,0.4895685911178589,Control,0.44591259956359863,0.5540874600410461,Control,0.43352165818214417,0.5664783716201782,Control,0.46688565611839294,0.5331143736839294,Case,0.752818763256073,0.2471812665462494,Case,0.8683361411094666,0.13166385889053345,Case,0.9411369562149048,0.05886306241154671,Case,0.9881288409233093,0.01187120284885168,Control,0.478937029838562,0.521062970161438,Case,0.5042569041252136,0.49574312567710876,Case,0.5844023823738098,0.4155975878238678,Case,0.9611079692840576,0.03889201581478119,Case,0.6036524772644043,0.3963475525379181,Control,0.49842631816864014,0.5015736818313599,Control,0.429443895816803,0.570556104183197,Control,0.49835503101348877,0.5016449093818665,Control,0.49249011278152466,0.5075098872184753,Control,0.36896467208862305,0.631035327911377,Case,0.618651270866394,0.38134869933128357,Control,0.3483397960662842,0.6516602039337158,Case,0.6036998629570007,0.3963001072406769,Case,0.5870643854141235,0.4129355847835541,Case,0.5841733813285828,0.41582658886909485,Case,0.540329098701477,0.45967087149620056,Case,0.5427867770195007,0.45721325278282166,Case,0.5468936562538147,0.4531063139438629,Case,0.5090774893760681,0.4909225106239319,Control,0.4668487310409546,0.5331513285636902,Case,0.6150547862052917,0.38494518399238586,Case,0.6059198975563049,0.39408010244369507,Case,0.5993242263793945,0.4006757438182831,Control,0.4477294087409973,0.5522705912590027,Case,0.6257818937301636,0.3742181062698364,Case,0.6226071715354919,0.37739282846450806,Case,0.6197018027305603,0.3802982270717621,Case,0.5711318254470825,0.42886823415756226
11,SVCM0419,SVCM0419,label,Control,0,Control,0.05389898110526591,0.9461010188947341,Control,0.5288661105261564,0.4711338894738436,Case,0.714654266834259,0.28534573316574097,Case,0.5609631538391113,0.43903684616088867,Case,0.5091683864593506,0.490831583738327,Control,0.49017971754074097,0.509820282459259,Case,0.7127504944801331,0.28724950551986694,Case,0.8034898042678833,0.1965101957321167,Case,0.8286561369895935,0.1713438779115677,Case,0.8832806348800659,0.11671939492225647,Case,0.79488205909729,0.20511800050735474,Case,0.8886456489562988,0.11135436594486237,Case,0.8317357301712036,0.16826428472995758,Case,0.751521646976471,0.24847838282585144,Case,0.5949181914329529,0.40508177876472473,Control,0.49787789583206177,0.5021221041679382,Control,0.4737911522388458,0.5262088775634766,Control,0.3276534676551819,0.6723465323448181,Control,0.32166916131973267,0.6783308386802673,Case,0.8724706172943115,0.12752938270568848,Case,0.8123130798339844,0.18768693506717682,Case,0.746920645236969,0.2530793845653534,Case,0.7993524670600891,0.2006475329399109,Case,0.9132679104804993,0.08673208951950073,Case,0.924386203289032,0.07561378180980682,Case,0.9636446833610535,0.03635525703430176,Case,0.9843508005142212,0.01564921624958515,Case,0.6302686929702759,0.3697313368320465,Case,0.6320360898971558,0.36796391010284424,Case,0.617719292640686,0.3822806775569916,Case,0.6021453142166138,0.3978547155857086,Case,0.5564594864845276,0.4435405433177948,Case,0.5522189140319824,0.4477810859680176,Case,0.567798912525177,0.4322011172771454,Case,0.5474989414215088,0.4525010287761688,Case,0.7713727951049805,0.22862717509269714,Case,0.7723046541213989,0.2276952862739563,Case,0.785008430480957,0.21499161422252655,Case,0.822905957698822,0.1770940124988556,Case,0.6090290546417236,0.39097094535827637,Case,0.6204088926315308,0.37959107756614685,Case,0.6234024167060852,0.37659752368927,Case,0.6803090572357178,0.31969091296195984
12,SVCM0511,SVCM0511,label,Control,0,Control,0.24252794778016737,0.7574720522198326,Case,0.5841090455323792,0.41589095446762087,Control,0.4864398241043091,0.5135601758956909,Control,0.2576453387737274,0.742354691028595,Control,0.1331843137741089,0.8668156862258911,Control,0.08625877648591995,0.9137412309646606,Control,0.09081185609102249,0.9091881513595581,Case,0.7369818687438965,0.2630181610584259,Case,0.7174765467643738,0.2825234532356262,Case,0.8404186964035034,0.15958131849765778,Case,0.8264674544334412,0.1735326051712036,Case,0.5304804444313049,0.46951961517333984,Control,0.46061015129089355,0.5393898487091064,Control,0.14560313522815704,0.8543968200683594,Case,0.6296209692955017,0.3703790009021759,Case,0.8759588003158569,0.12404122203588486,Case,0.9023276567459106,0.09767241030931473,Case,0.9680478572845459,0.0319521464407444,Case,0.9834603667259216,0.0165396761149168,Case,0.9826931953430176,0.01730680838227272,Case,0.9880274534225464,0.011972583830356598,Case,0.9955282807350159,0.004471702966839075,Case,0.9970890879631042,0.002910882467404008,Case,0.6298571228981018,0.3701428771018982,Case,0.6278157830238342,0.37218427658081055,Case,0.6541076898574829,0.3458923399448395,Case,0.6567942500114441,0.3432057201862335,Case,0.6074403524398804,0.39255961775779724,Case,0.6004827618598938,0.3995172381401062,Case,0.5991300344467163,0.4008699059486389,Case,0.5479598641395569,0.4520401358604431,Case,0.6512322425842285,0.3487677574157715,Case,0.6534229516983032,0.3465770483016968,Case,0.6226330399513245,0.37736693024635315,Case,0.6914516687393188,0.30854830145835876,Case,0.6438906788825989,0.35610929131507874,Case,0.6521264910697937,0.3478734791278839,Case,0.6684281826019287,0.3315718173980713,Case,0.6767584085464478,0.32324159145355225,Case,0.5649408102035522,0.43505924940109253,Case,0.5470460653305054,0.45295393466949463,Case,0.5108646750450134,0.48913535475730896,Control,0.4375387132167816,0.5624613165855408
13,SVCM0520,SVCM0520,label,Control,0,Case,0.5011229296626595,0.4988770703373405,Case,0.7672420587944573,0.23275794120554258,Case,0.7253319025039673,0.2746680974960327,Case,0.8415032029151917,0.15849679708480835,Case,0.9323137998580933,0.06768623739480972,Case,0.996006429195404,0.00399354100227356,Case,0.999494194984436,0.0005058202659711242,Case,0.5519979000091553,0.44800207018852234,Case,0.5963525772094727,0.40364736318588257,Case,0.7151395082473755,0.2848604619503021,Case,0.7959300875663757,0.20406989753246307,Case,0.6924790143966675,0.3075209856033325,Case,0.8087645769119263,0.1912354677915573,Case,0.9696952700614929,0.03030466102063656,Case,0.9943115711212158,0.005688431207090616,Case,0.7913301587104797,0.2086697667837143,Case,0.8826431035995483,0.11735687404870987,Case,0.9517951011657715,0.0482049398124218,Case,0.9918245673179626,0.00817546620965004,Case,0.991594135761261,0.008405796252191067,Case,0.9962558746337891,0.0037440648302435875,Case,0.9980005621910095,0.001999370288103819,Case,0.9997039437294006,0.0002960076089948416,Case,0.9611116051673889,0.03888837993144989,Case,0.9863030314445496,0.013696948997676373,Case,0.9983524084091187,0.0016475649317726493,Case,0.9992153644561768,0.0007845874642953277,Case,0.660118043422699,0.33988192677497864,Case,0.6677977442741394,0.33220231533050537,Case,0.6633450388908386,0.336654931306839,Case,0.6314486265182495,0.3685513436794281,Case,0.660408079624176,0.33959195017814636,Case,0.6859347224235535,0.31406527757644653,Case,0.6791623830795288,0.3208376467227936,Case,0.7545115351676941,0.2454884648323059,Case,0.642180860042572,0.3578191101551056,Case,0.6648104786872864,0.3351895213127136,Case,0.6850029230117798,0.3149970769882202,Case,0.7949113249778748,0.20508863031864166,Case,0.6945495009422302,0.30545052886009216,Case,0.6993050575256348,0.3006949722766876,Case,0.697786808013916,0.302213191986084,Case,0.7872573137283325,0.2127426564693451
14,SVM0109,SVM0109,label,Case,1,Case,0.6400206296463912,0.35997937035360883,Case,0.6458376531837134,0.3541623468162867,Control,0.26436349749565125,0.7356364727020264,Case,0.9154784679412842,0.08452153205871582,Case,0.98046875,0.019531285390257835,Case,0.9950636029243469,0.0049363477155566216,Case,0.9983639121055603,0.0016361037269234657,Case,0.8111336827278137,0.18886631727218628,Case,0.8698102235794067,0.13018982112407684,Case,0.9248096346855164,0.07519030570983887,Case,0.9077388644218445,0.0922611728310585,Case,0.9216867089271545,0.07831329107284546,Case,0.9667675495147705,0.03323252126574516,Case,0.9831798076629639,0.016820263117551804,Case,0.9795709848403931,0.0204289723187685,Case,0.9112482666969299,0.08875174075365067,Case,0.9409293532371521,0.05907066911458969,Case,0.9637764692306519,0.03622354567050934,Case,0.976430356502533,0.023569630458950996,Case,0.9791785478591919,0.020821427926421165,Case,0.9820789694786072,0.017921103164553642,Case,0.9956724643707275,0.004327510017901659,Case,0.9967526793479919,0.003247265936806798,Case,0.8560503721237183,0.14394959807395935,Case,0.8408781290054321,0.15912187099456787,Case,0.8996098041534424,0.10039021819829941,Case,0.92336505651474,0.07663494348526001,Case,0.6160032749176025,0.38399678468704224,Case,0.5978931188583374,0.4021068811416626,Case,0.6099159121513367,0.39008402824401855,Case,0.6425719857215881,0.35742801427841187,Case,0.5912814736366272,0.4087185263633728,Case,0.6097882390022278,0.3902117609977722,Case,0.5989484786987305,0.40105149149894714,Case,0.6045321822166443,0.3954677879810333,Case,0.687201738357544,0.31279823184013367,Case,0.6787250638008118,0.32127493619918823,Case,0.6824167370796204,0.317583292722702,Case,0.7623263597488403,0.23767367005348206,Case,0.5977095365524292,0.4022905230522156,Case,0.5764151215553284,0.42358487844467163,Case,0.5710864067077637,0.4289136230945587,Case,0.5435803532600403,0.4564196765422821
15,SVM0205,SVM0205,label,Case,1,Case,0.9757364209241071,0.024263579075892938,Case,0.7621740779608224,0.2378259220391776,Case,0.9764115214347839,0.023588478565216064,Case,0.7181380987167358,0.2818618714809418,Case,0.6269588470458984,0.37304115295410156,Case,0.5886470079421997,0.4113529622554779,Case,0.550358772277832,0.4496411979198456,Case,0.9001706838607788,0.09982932358980179,Case,0.9290071129798889,0.07099289447069168,Case,0.8909721374511719,0.10902781784534454,Case,0.8672245740890503,0.1327754408121109,Case,0.8630836606025696,0.13691633939743042,Case,0.9006667137145996,0.09933331608772278,Case,0.943379819393158,0.05662019923329353,Case,0.9119016528129578,0.08809833228588104,Case,0.5689036250114441,0.4310963749885559,Case,0.6141899228096008,0.38581007719039917,Case,0.721593976020813,0.278406023979187,Case,0.6190330982208252,0.3809669315814972,Case,0.7007202506065369,0.29927974939346313,Case,0.6591609120368958,0.34083908796310425,Case,0.6509092450141907,0.3490907549858093,Case,0.6074248552322388,0.39257511496543884,Case,0.737311840057373,0.26268813014030457,Case,0.7932829856872559,0.20671705901622772,Case,0.8824728727340698,0.11752709746360779,Case,0.9713899493217468,0.028609992936253548,Case,0.5521739721298218,0.447826087474823,Case,0.556662380695343,0.44333764910697937,Case,0.5410937666893005,0.4589062035083771,Case,0.5774587988853455,0.42254114151000977,Case,0.5898401141166687,0.4101599454879761,Case,0.5928237438201904,0.40717628598213196,Case,0.5866884589195251,0.4133114814758301,Case,0.6481061577796936,0.351893812417984,Case,0.6893019676208496,0.310698002576828,Case,0.7192200422286987,0.28077995777130127,Case,0.7474356889724731,0.25256437063217163,Case,0.8115368485450745,0.18846312165260315,Case,0.5494607090950012,0.45053932070732117,Case,0.5439659953117371,0.4560340344905853,Case,0.5296922922134399,0.47030770778656006,Case,0.5288280844688416,0.47117194533348083
16,SVM0213,SVM0213,label,Case,1,Case,0.9965067310327327,0.0034932689672673156,Case,0.8032051183262048,0.19679488167379525,Case,0.9727529287338257,0.027247071266174316,Case,0.8663199543952942,0.13368010520935059,Case,0.9461102485656738,0.053889770060777664,Case,0.9928621649742126,0.007137863431125879,Case,0.9908323884010315,0.009167595766484737,Case,0.8402693271636963,0.15973064303398132,Case,0.9182460904121399,0.08175383508205414,Case,0.9715009927749634,0.028499005362391472,Case,0.9907971620559692,0.009202828630805016,Case,0.6240600943565369,0.37593987584114075,Case,0.6366468071937561,0.3633531928062439,Case,0.6337912082672119,0.3662087619304657,Case,0.8923764228820801,0.10762356221675873,Control,0.4365132749080658,0.5634867548942566,Control,0.47582972049713135,0.5241703391075134,Case,0.6701733469963074,0.32982662320137024,Case,0.8468239903450012,0.1531759798526764,Case,0.9602348804473877,0.03976511210203171,Case,0.975834846496582,0.02416517212986946,Case,0.971897304058075,0.028102712705731392,Case,0.9850077629089355,0.014992262236773968,Case,0.820076048374176,0.17992396652698517,Case,0.8512540459632874,0.14874601364135742,Case,0.8834888339042664,0.11651113629341125,Case,0.9431612491607666,0.05683876946568489,Case,0.6149331331253052,0.38506680727005005,Case,0.630915641784668,0.36908435821533203,Case,0.6167538166046143,0.38324621319770813,Case,0.6379938125610352,0.36200618743896484,Case,0.6353371143341064,0.36466288566589355,Case,0.6357090473175049,0.36429092288017273,Case,0.6427488327026367,0.35725119709968567,Case,0.7062798738479614,0.29372015595436096,Case,0.7029246687889099,0.2970753610134125,Case,0.7271326780319214,0.2728673815727234,Case,0.7757798433303833,0.2242201417684555,Case,0.87089604139328,0.12910392880439758,Case,0.6820179224014282,0.3179820775985718,Case,0.6958298683166504,0.3041701912879944,Case,0.6896596550941467,0.31034040451049805,Case,0.7638781666755676,0.23612183332443237
17,SVM0310,SVM0310,label,Case,1,Case,0.968087795276774,0.03191220472322598,Case,0.7090364517907609,0.290963548209239,Case,0.9382131695747375,0.06178683042526245,Case,0.6596963405609131,0.3403036296367645,Case,0.7101514935493469,0.2898485064506531,Case,0.774931788444519,0.22506822645664215,Case,0.8963385224342346,0.10366152971982956,Case,0.7295289635658264,0.2704710066318512,Case,0.7363157868385315,0.2636842429637909,Case,0.7580437660217285,0.2419561892747879,Case,0.790054202079773,0.20994582772254944,Control,0.4692787528038025,0.5307211875915527,Control,0.4918983578681946,0.5081016421318054,Case,0.7528964281082153,0.24710355699062347,Case,0.7066241502761841,0.2933758795261383,Control,0.4436405301094055,0.5563594698905945,Control,0.43849852681159973,0.5615014433860779,Case,0.665309488773346,0.33469054102897644,Case,0.7685542106628418,0.231445774435997,Case,0.8963768482208252,0.103623166680336,Case,0.9386597871780396,0.061340223997831345,Case,0.9192084670066833,0.08079152554273605,Case,0.974704921245575,0.02529500611126423,Case,0.7290113568305969,0.27098870277404785,Case,0.745218813419342,0.25478121638298035,Case,0.8824345469474792,0.11756552010774612,Case,0.9172148704528809,0.08278514444828033,Case,0.5710691809654236,0.42893078923225403,Case,0.5632388591766357,0.43676114082336426,Case,0.5627651810646057,0.4372348189353943,Case,0.5586525797843933,0.4413474202156067,Case,0.5691537261009216,0.43084627389907837,Case,0.5765615105628967,0.42343848943710327,Case,0.5712181925773621,0.42878177762031555,Case,0.5856011509895325,0.41439878940582275,Case,0.6443202495574951,0.35567978024482727,Case,0.6789781451225281,0.3210218846797943,Case,0.7068805694580078,0.2931194603443146,Case,0.8051827549934387,0.19481730461120605,Case,0.6639519929885864,0.3360480070114136,Case,0.6786779165267944,0.32132211327552795,Case,0.7217310070991516,0.278268963098526,Case,0.8193036913871765,0.1806962788105011
18,SVM0312,SVM0312,label,Case,1,Control,0.11662452164732957,0.8833754783526704,Case,0.6102246747387449,0.38977532526125513,Case,0.7634865045547485,0.23651349544525146,Control,0.30972254276275635,0.6902774572372437,Control,0.2198076844215393,0.7801923155784607,Control,0.14348773658275604,0.8565123081207275,Control,0.09849603474140167,0.9015039801597595,Case,0.6420702934265137,0.35792970657348633,Case,0.7485182285308838,0.25148171186447144,Case,0.7567591071128845,0.24324095249176025,Case,0.7482637763023376,0.25173622369766235,Case,0.9462435245513916,0.053756508976221085,Case,0.979744553565979,0.020255472511053085,Case,0.9953325390815735,0.004667468369007111,Case,0.9979902505874634,0.002009754767641425,Case,0.7879764437675476,0.2120235413312912,Case,0.7576518654823303,0.2423480898141861,Case,0.7866913676261902,0.21330863237380981,Case,0.6732378602027893,0.32676219940185547,Case,0.8651098012924194,0.13489025831222534,Case,0.920624315738678,0.07937569171190262,Case,0.9664780497550964,0.03352196887135506,Case,0.6622792482376099,0.3377207815647125,Case,0.9510735869407654,0.04892642796039581,Case,0.97879958152771,0.021200470626354218,Case,0.981029212474823,0.018970757722854614,Case,0.975174605846405,0.02482539974153042,Case,0.5602907538414001,0.43970921635627747,Case,0.5560494661331177,0.44395050406455994,Case,0.5465865135192871,0.4534134864807129,Control,0.4572792053222656,0.5427208542823792,Case,0.5642575621604919,0.43574246764183044,Case,0.551087498664856,0.44891244173049927,Case,0.545535147190094,0.4544648230075836,Control,0.49883246421813965,0.5011675357818604,Control,0.46597224473953247,0.5340278148651123,Control,0.3939083516597748,0.6060916781425476,Control,0.34136027097702026,0.6586397290229797,Control,0.2571772336959839,0.7428227066993713,Control,0.4125421345233917,0.5874578356742859,Control,0.3974715769290924,0.60252845287323,Control,0.3565521836280823,0.6434478163719177,Control,0.2556973695755005,0.7443026304244995
19,SVM0315,SVM0315,label,Case,1,Case,0.9989813671046768,0.0010186328953232238,Case,0.6928367790264707,0.30716322097352927,Control,0.44656097888946533,0.5534390211105347,Case,0.6966040730476379,0.3033958673477173,Case,0.7111072540283203,0.2888927161693573,Case,0.9218994379043579,0.0781005471944809,Case,0.9472620487213135,0.05273798108100891,Case,0.7249844670295715,0.27501559257507324,Case,0.8091698288917542,0.19083015620708466,Case,0.857204794883728,0.14279517531394958,Case,0.9498342275619507,0.050165776163339615,Case,0.8231168985366821,0.17688314616680145,Case,0.7834803462028503,0.21651966869831085,Case,0.7801400423049927,0.21985995769500732,Case,0.8285853266716003,0.17141467332839966,Case,0.7841992378234863,0.21580080687999725,Case,0.8394743800163269,0.1605256199836731,Case,0.8986461162567139,0.10135389864444733,Case,0.9908615350723267,0.00913842674344778,Case,0.895604133605957,0.10439585894346237,Case,0.8955771923065186,0.10442281514406204,Case,0.8837379217147827,0.11626210808753967,Case,0.8603155016899109,0.13968448340892792,Case,0.9084879755973816,0.09151200950145721,Case,0.9681089520454407,0.03189108520746231,Case,0.9866895079612732,0.013310536742210388,Case,0.9394308924674988,0.060569074004888535,Case,0.7012834548950195,0.29871660470962524,Case,0.6964646577835083,0.3035353720188141,Case,0.7032144069671631,0.2967855930328369,Case,0.7107931971549988,0.28920677304267883,Case,0.6646413803100586,0.3353586494922638,Case,0.6661113500595093,0.33388862013816833,Case,0.6781561374664307,0.32184386253356934,Case,0.6927392482757568,0.30726075172424316,Case,0.7382150292396545,0.26178503036499023,Case,0.7598310112953186,0.2401689887046814,Case,0.7586972713470459,0.2413026988506317,Case,0.8563064932823181,0.14369352161884308,Case,0.6457682847976685,0.35423171520233154,Case,0.6597737669944763,0.3402261734008789,Case,0.6414093375205994,0.35859060287475586,Case,0.7396926879882812,0.260307252407074
20,SVM0319,SVM0319,label,Case,1,Case,0.9999994313194952,5.686805047977472e-07,Case,0.7183530972062485,0.28164690279375154,Case,0.9227088093757629,0.07729119062423706,Case,0.869564950466156,0.1304350197315216,Case,0.9681439399719238,0.03185601532459259,Case,0.9959061145782471,0.004093841649591923,Case,0.9988946318626404,0.001105358125641942,Case,0.9632251858711243,0.03677481412887573,Case,0.9884042739868164,0.0115957111120224,Case,0.9937385320663452,0.006261527072638273,Case,0.9967196583747864,0.0032803534995764494,Case,0.9753267765045166,0.024673201143741608,Case,0.9908596873283386,0.009140304289758205,Case,0.9994418025016785,0.0005581486620940268,Case,0.9996761083602905,0.0003238622739445418,Case,0.9038507342338562,0.09614930301904678,Case,0.9527881741523743,0.047211818397045135,Case,0.9845981597900391,0.015401843935251236,Case,0.9942877888679504,0.005712268408387899,Case,0.9969225525856018,0.0030774464830756187,Case,0.9980883002281189,0.0019116420298814774,Case,0.999576985836029,0.0004230362537782639,Case,0.9992546439170837,0.0007453148136846721,Case,0.951897919178009,0.048102062195539474,Case,0.9726148843765259,0.027385151013731956,Case,0.9911575317382812,0.008842447772622108,Case,0.9964981079101562,0.003501852508634329,Case,0.6626808643341064,0.33731910586357117,Case,0.6762530207633972,0.323746919631958,Case,0.6758571863174438,0.3241428732872009,Case,0.7740083932876587,0.2259916067123413,Case,0.6098625063896179,0.3901374936103821,Case,0.6122618317604065,0.3877381384372711,Case,0.6180385947227478,0.381961464881897,Case,0.6509804129600525,0.3490196168422699,Case,0.7984771132469177,0.20152291655540466,Case,0.8140531778335571,0.18594683706760406,Case,0.8661229014396667,0.13387717306613922,Case,0.9395599961280823,0.06043998897075653,Case,0.6699182987213135,0.3300817012786865,Case,0.665259599685669,0.33474045991897583,Case,0.6916136741638184,0.30838632583618164,Case,0.8243604898452759,0.1756395846605301
21,SVM0321,SVM0321R,label,Case,1,Case,0.875946238529409,0.124053761470591,Control,0.5550052868361789,0.4449947131638209,Control,0.41824808716773987,0.5817519426345825,Case,0.9212597608566284,0.07874024659395218,Case,0.9796847105026245,0.02031525783240795,Case,0.9937484264373779,0.006251630838960409,Case,0.992591381072998,0.0074086543172597885,Case,0.9430567026138306,0.05694333463907242,Case,0.9752905964851379,0.024709384888410568,Case,0.9846662282943726,0.015333782881498337,Case,0.9960595369338989,0.003940450958907604,Case,0.7280752062797546,0.271924763917923,Case,0.8961158990859985,0.10388411581516266,Case,0.982610285282135,0.01738971285521984,Case,0.9862045049667358,0.013795546256005764,Case,0.5710670351982117,0.42893293499946594,Case,0.7163570523262024,0.2836429178714752,Case,0.5935617685317993,0.4064381718635559,Case,0.5861164927482605,0.4138835668563843,Case,0.7062419652938843,0.29375797510147095,Case,0.7176263332366943,0.28237366676330566,Case,0.653491735458374,0.34650832414627075,Case,0.6336703300476074,0.36632969975471497,Case,0.961098849773407,0.03890121728181839,Case,0.9743824005126953,0.025617653504014015,Case,0.9883579611778259,0.011642104014754295,Case,0.9951643943786621,0.004835599102079868,Case,0.5680494904518127,0.43195056915283203,Case,0.585146427154541,0.414853572845459,Case,0.571688711643219,0.428311288356781,Case,0.5543136596679688,0.445686399936676,Case,0.5936633348464966,0.4063366949558258,Case,0.6113213896751404,0.38867858052253723,Case,0.6153228878974915,0.38467714190483093,Case,0.6720823645591736,0.3279176652431488,Case,0.5350375771522522,0.4649623930454254,Case,0.5578402876853943,0.4421596825122833,Case,0.552760124206543,0.4472399055957794,Control,0.45276111364364624,0.5472388863563538,Case,0.7112446427345276,0.28875532746315,Case,0.7524508237838745,0.2475491315126419,Case,0.7484099268913269,0.25159013271331787,Case,0.8539184331893921,0.14608153700828552
22,SVM0322,SVM0322,label,Case,1,Case,0.9989921173614886,0.0010078826385113704,Case,0.6296771753459381,0.37032282465406186,Case,0.9653342366218567,0.03466576337814331,Case,0.5162873268127441,0.48371267318725586,Case,0.6909343600273132,0.309065580368042,Case,0.8994038105010986,0.10059618204832077,Case,0.8669251799583435,0.13307486474514008,Case,0.603318989276886,0.396681010723114,Case,0.635944128036499,0.364055871963501,Case,0.5522946119308472,0.44770538806915283,Control,0.3647705912590027,0.6352294087409973,Case,0.532380998134613,0.4676189720630646,Case,0.7089597582817078,0.2910402715206146,Case,0.9598256945610046,0.04017433151602745,Case,0.8515806198120117,0.14841938018798828,Case,0.5772531628608704,0.42274680733680725,Case,0.651842474937439,0.3481575548648834,Control,0.4843143820762634,0.5156856179237366,Control,0.2813851535320282,0.7186148166656494,Case,0.800468385219574,0.19953155517578125,Case,0.7650238871574402,0.23497606813907623,Case,0.7399662733078003,0.26003366708755493,Case,0.7161269783973694,0.2838730216026306,Case,0.8030592799186707,0.19694066047668457,Case,0.7757729887962341,0.22422698140144348,Case,0.842387855052948,0.1576121598482132,Case,0.6471316814422607,0.35286831855773926,Case,0.6293439865112305,0.3706560432910919,Case,0.6241399645805359,0.3758600652217865,Case,0.6180521249771118,0.3819478750228882,Case,0.5701423287391663,0.42985770106315613,Case,0.6477124094963074,0.35228753089904785,Case,0.6505323648452759,0.3494676947593689,Case,0.6380149722099304,0.36198508739471436,Case,0.6808549761772156,0.3191450238227844,Case,0.5592558979988098,0.4407440721988678,Case,0.5705272555351257,0.42947274446487427,Case,0.6027556657791138,0.39724433422088623,Case,0.696040689945221,0.30395931005477905,Case,0.6325880885124207,0.36741194128990173,Case,0.6513738036155701,0.3486262559890747,Case,0.6701242923736572,0.329875648021698,Case,0.718406617641449,0.281593382358551
23,SVM0323,SVM0323,label,Case,1,Case,0.7319152771094193,0.2680847228905807,Control,0.5155594719256661,0.4844405280743339,Case,0.8565366268157959,0.1434633731842041,Case,0.6622489094734192,0.3377511203289032,Case,0.6177380084991455,0.3822619318962097,Case,0.8253417611122131,0.17465823888778687,Case,0.8663551211357117,0.13364489376544952,Case,0.8261427283287048,0.17385725677013397,Case,0.7890074253082275,0.21099252998828888,Case,0.8251391649246216,0.17486083507537842,Case,0.631533682346344,0.3684663474559784,Case,0.9221449494361877,0.07785504311323166,Case,0.9752253890037537,0.02477456070482731,Case,0.9927828311920166,0.007217167876660824,Case,0.9920904636383057,0.007909506559371948,Control,0.42806297540664673,0.5719370245933533,Control,0.3738587200641632,0.6261413097381592,Control,0.37896209955215454,0.6210378408432007,Control,0.2730737626552582,0.7269262075424194,Case,0.8405617475509644,0.15943820774555206,Case,0.8978748917579651,0.10212507843971252,Case,0.9252669215202332,0.07473301887512207,Case,0.9150874018669128,0.08491259813308716,Control,0.3067891001701355,0.6932109594345093,Control,0.29096856713294983,0.7090314626693726,Control,0.3103415369987488,0.689658522605896,Case,0.5720925331115723,0.4279074966907501,Case,0.5781097412109375,0.4218902289867401,Case,0.581104576587677,0.4188954830169678,Case,0.5914726853370667,0.40852731466293335,Case,0.5699483156204224,0.43005162477493286,Case,0.6499754190444946,0.35002458095550537,Case,0.6625489592552185,0.3374510407447815,Case,0.6890730261802673,0.31092697381973267,Case,0.7316088080406189,0.2683911919593811,Case,0.6293700933456421,0.3706298768520355,Case,0.6274271607398987,0.37257280945777893,Case,0.6451078057289124,0.35489222407341003,Case,0.6692060828208923,0.33079391717910767,Case,0.617620587348938,0.3823793828487396,Case,0.6389062404632568,0.3610937297344208,Case,0.6429925560951233,0.3570075035095215,Case,0.706927478313446,0.29307252168655396
24,SVM0402,SVM0402,label,Case,1,Case,0.999813800786329,0.00018619921367102332,Case,0.7599823373289246,0.24001766267107527,Case,0.9723351001739502,0.027664899826049805,Case,0.8865256309509277,0.11347432434558868,Case,0.9498674273490906,0.05013255402445793,Case,0.9864149689674377,0.01358503196388483,Case,0.9983816146850586,0.0016184396808966994,Case,0.7487691044807434,0.2512308955192566,Case,0.8802682757377625,0.11973169445991516,Case,0.9462282657623291,0.0537717379629612,Case,0.9453874230384827,0.05461254343390465,Case,0.9627112746238708,0.03728866949677467,Case,0.9876668453216553,0.012333225458860397,Case,0.9994634985923767,0.0005365102551877499,Case,0.9996466636657715,0.000353364332113415,Case,0.9662458300590515,0.033754151314496994,Case,0.9925013184547424,0.0074986969120800495,Case,0.9984110593795776,0.0015889519127085805,Case,0.999626636505127,0.0003733983321581036,Case,0.9704352021217346,0.02956475131213665,Case,0.9821178317070007,0.017882155254483223,Case,0.9901745319366455,0.0098255081102252,Case,0.9978577494621277,0.0021422214340418577,Case,0.9649587273597717,0.03504128381609917,Case,0.9861852526664734,0.013814723119139671,Case,0.9976746439933777,0.002325325272977352,Case,0.9990955591201782,0.0009045132319442928,Case,0.6879313588142395,0.3120686411857605,Case,0.6956204175949097,0.3043796122074127,Case,0.7138402462005615,0.28615978360176086,Case,0.8118752837181091,0.18812474608421326,Case,0.6723532676696777,0.32764676213264465,Case,0.7050911784172058,0.2949088513851166,Case,0.695171594619751,0.3048284351825714,Case,0.7567905783653259,0.24320940673351288,Case,0.7853622436523438,0.21463775634765625,Case,0.8026832342147827,0.19731676578521729,Case,0.8366749882698059,0.1633249819278717,Case,0.9229794144630432,0.07702064514160156,Case,0.615472137928009,0.3845278322696686,Case,0.6131467819213867,0.38685324788093567,Case,0.6048109531402588,0.3951890468597412,Case,0.6809902191162109,0.31900978088378906
25,SVM0406,SVM0406,label,Case,1,Case,0.9734209959810646,0.026579004018935426,Case,0.6651069480208015,0.3348930519791984,Case,0.6312752962112427,0.3687247037887573,Case,0.5155720114707947,0.48442795872688293,Case,0.5026031732559204,0.497396856546402,Case,0.7610905170440674,0.23890946805477142,Case,0.801341712474823,0.19865824282169342,Case,0.5624788999557495,0.4375211000442505,Control,0.4751770496368408,0.5248229503631592,Case,0.5944980382919312,0.40550196170806885,Case,0.6101889610290527,0.3898110091686249,Control,0.2481614500284195,0.7518385648727417,Control,0.17977650463581085,0.8202235102653503,Control,0.027096044272184372,0.9729039072990417,Control,0.00806308165192604,0.9919369220733643,Control,0.44445115327835083,0.5555488467216492,Control,0.3661227524280548,0.6338772773742676,Control,0.22422797977924347,0.7757720947265625,Control,0.19823285937309265,0.801767110824585,Control,0.23452310264110565,0.7654768824577332,Control,0.2410096824169159,0.7589902877807617,Control,0.12170900404453278,0.8782909512519836,Control,0.2938198447227478,0.7061801552772522,Case,0.5425480008125305,0.45745202898979187,Control,0.44386592507362366,0.5561341047286987,Control,0.27921831607818604,0.720781683921814,Control,0.21304965019226074,0.7869503498077393,Case,0.649798572063446,0.35020139813423157,Case,0.6618657112121582,0.338134229183197,Case,0.6764340996742249,0.32356593012809753,Case,0.7173954844474792,0.28260448575019836,Case,0.633806049823761,0.3661939203739166,Case,0.6608759164810181,0.33912402391433716,Case,0.6566423773765564,0.343357652425766,Case,0.7067911028862,0.29320889711380005,Control,0.4979972243309021,0.5020027756690979,Case,0.5042574405670166,0.495742529630661,Case,0.5214154124259949,0.4785846471786499,Case,0.5752313733100891,0.4247686266899109,Case,0.7078366875648499,0.29216331243515015,Case,0.7113317847251892,0.288668155670166,Case,0.7396278977394104,0.2603721022605896,Case,0.8130691647529602,0.1869308352470398
26,SVM0408,SVM0408,label,Case,1,Case,0.9942824329021982,0.005717567097801801,Case,0.7648364565341875,0.23516354346581245,Case,0.584510087966919,0.41548991203308105,Case,0.8711596727371216,0.12884031236171722,Case,0.9378027319908142,0.06219728663563728,Case,0.9769707322120667,0.023029249161481857,Case,0.9839187860488892,0.016081221401691437,Case,0.6853460669517517,0.3146539330482483,Case,0.7486345171928406,0.25136542320251465,Case,0.8504601120948792,0.14953987300395966,Case,0.9260380268096924,0.07396203279495239,Case,0.6745648980140686,0.3254351019859314,Case,0.701977550983429,0.29802244901657104,Case,0.7818269729614258,0.21817302703857422,Case,0.9862929582595825,0.013706999830901623,Case,0.9576432108879089,0.042356766760349274,Case,0.9832635521888733,0.016736406832933426,Case,0.9963796734809875,0.003620367730036378,Case,0.9997319579124451,0.0002680035540834069,Case,0.9790467023849487,0.02095329761505127,Case,0.9885562062263489,0.011443848721683025,Case,0.9980059266090393,0.001994076883420348,Case,0.9993244409561157,0.0006755308131687343,Case,0.8853451609611511,0.11465486139059067,Case,0.9436997175216675,0.05630026385188103,Case,0.9781280159950256,0.02187197096645832,Case,0.9826238751411438,0.017376169562339783,Case,0.6353393793106079,0.36466068029403687,Case,0.6323117613792419,0.36768820881843567,Case,0.6470996737480164,0.35290035605430603,Case,0.6651741862297058,0.3348258137702942,Case,0.6669164299964905,0.3330835998058319,Case,0.6614649891853333,0.33853504061698914,Case,0.6751224994659424,0.3248775601387024,Case,0.7065258622169495,0.29347407817840576,Case,0.5170013904571533,0.4829985797405243,Control,0.48569291830062866,0.5143070220947266,Case,0.5006853342056274,0.49931469559669495,Control,0.4008471667766571,0.5991528034210205,Case,0.6109839081764221,0.3890160918235779,Case,0.6216298937797546,0.37837016582489014,Case,0.6090880036354065,0.3909119963645935,Case,0.5991949439048767,0.4008050262928009
27,SVM0416,SVM0416,label,Case,1,Case,0.6428070340346665,0.35719296596533345,Case,0.6341740398111086,0.36582596018889146,Case,0.7552026510238647,0.24479734897613525,Control,0.47278037667274475,0.5272196531295776,Control,0.40554675459861755,0.5944532752037048,Control,0.4968559741973877,0.5031440258026123,Case,0.7623034119606018,0.2376965433359146,Case,0.6007096767425537,0.3992902934551239,Case,0.618108332157135,0.3818916976451874,Case,0.7301124334335327,0.2698875963687897,Case,0.6057604551315308,0.39423954486846924,Control,0.42059823870658875,0.5794017910957336,Case,0.5099269151687622,0.4900730550289154,Case,0.7216646075248718,0.2783353924751282,Case,0.8629639744758606,0.13703598082065582,Case,0.8156406283378601,0.18435929715633392,Case,0.8830757737159729,0.1169242262840271,Case,0.9617801308631897,0.03821985796093941,Case,0.998195230960846,0.0018047987250611186,Case,0.6454565525054932,0.3545434772968292,Case,0.6965112090110779,0.3034887909889221,Case,0.5033159255981445,0.49668407440185547,Case,0.8254964351654053,0.17450354993343353,Case,0.5661428570747375,0.4338570833206177,Case,0.689407229423523,0.31059277057647705,Case,0.8448835611343384,0.155116468667984,Case,0.9213799834251404,0.078620046377182,Case,0.5762816667556763,0.4237183928489685,Case,0.5587629079818726,0.44123706221580505,Case,0.549629807472229,0.45037025213241577,Case,0.5066689848899841,0.49333104491233826,Case,0.5503430962562561,0.4496569335460663,Case,0.5360836386680603,0.4639163613319397,Case,0.5425756573677063,0.4574243426322937,Case,0.5041419267654419,0.4958580732345581,Control,0.4485466182231903,0.5514533519744873,Control,0.41872280836105347,0.5812771916389465,Control,0.42802324891090393,0.5719767212867737,Control,0.45273929834365845,0.5472607016563416,Case,0.6160314083099365,0.3839685916900635,Case,0.6120643019676208,0.3879357576370239,Case,0.6382206082344055,0.3617793619632721,Case,0.7064327001571655,0.2935672700405121
28,SVM0420,SVM0420,label,Case,1,Case,0.9988768602437634,0.0011231397562365686,Case,0.7908042678421486,0.20919573215785137,Case,0.9837149977684021,0.0162850022315979,Case,0.8071504235267639,0.1928495317697525,Case,0.8909468650817871,0.10905306041240692,Case,0.9010137915611267,0.09898623824119568,Case,0.9535309076309204,0.04646913334727287,Case,0.834998607635498,0.16500137746334076,Case,0.9014649987220764,0.09853493422269821,Case,0.9418428540229797,0.058157119899988174,Case,0.9775577783584595,0.022442204877734184,Case,0.5529828071594238,0.44701719284057617,Case,0.5153717994689941,0.48462820053100586,Case,0.9172220230102539,0.08277800679206848,Case,0.9578857421875,0.042114246636629105,Control,0.496741384267807,0.5032585859298706,Case,0.5567764639854431,0.4432235062122345,Case,0.8077390789985657,0.19226092100143433,Case,0.9943304061889648,0.005669585429131985,Case,0.9919202327728271,0.008079703897237778,Case,0.996600329875946,0.003399670822545886,Case,0.9993970394134521,0.0006029207725077868,Case,0.9999092817306519,9.069396764971316e-05,Case,0.7974042892456055,0.20259571075439453,Case,0.8515940308570862,0.1484060287475586,Case,0.9496620297431946,0.05033792927861214,Case,0.9829365015029907,0.017063533887267113,Case,0.6444337368011475,0.35556626319885254,Case,0.6618634462356567,0.33813658356666565,Case,0.6707752346992493,0.32922470569610596,Case,0.7299664616584778,0.2700335383415222,Case,0.6400270462036133,0.3599729835987091,Case,0.6588619351387024,0.34113809466362,Case,0.6874510049819946,0.312548965215683,Case,0.7480179071426392,0.2519821226596832,Case,0.7707446813583374,0.22925527393817902,Case,0.8123567700386047,0.18764321506023407,Case,0.851246178150177,0.14875385165214539,Case,0.9497379660606384,0.050262078642845154,Case,0.6500282287597656,0.34997180104255676,Case,0.6623780131340027,0.3376219868659973,Case,0.7029790282249451,0.29702097177505493,Case,0.8222993016242981,0.1777007281780243
29,SVM0501,SVM0501,label,Case,1,Case,0.9531172540731909,0.04688274592680908,Control,0.5059589925843008,0.49404100741569923,Control,0.2719748616218567,0.7280251383781433,Case,0.6710449457168579,0.3289550542831421,Case,0.611060619354248,0.38893938064575195,Case,0.8257582187652588,0.17424172163009644,Case,0.9019224047660828,0.09807759523391724,Case,0.7872939705848694,0.21270601451396942,Case,0.8884203433990479,0.11157961934804916,Case,0.9256834387779236,0.0743165835738182,Case,0.9598879814147949,0.0401119664311409,Case,0.6775903701782227,0.32240965962409973,Case,0.6408589482307434,0.3591410219669342,Case,0.6836028099060059,0.31639713048934937,Control,0.47320032119750977,0.5267996788024902,Case,0.8263872861862183,0.17361271381378174,Case,0.8536092638969421,0.14639069139957428,Case,0.8940976858139038,0.10590226203203201,Case,0.9043043255805969,0.09569571167230606,Case,0.936894953250885,0.0631050169467926,Case,0.9609560370445251,0.03904401883482933,Case,0.9793615937232971,0.02063842862844467,Case,0.9920493960380554,0.007950576022267342,Case,0.8117194771766663,0.18828044831752777,Case,0.7645782232284546,0.2354217767715454,Case,0.898246169090271,0.10175376385450363,Case,0.9411814212799072,0.05881853774189949,Case,0.5972061157226562,0.40279391407966614,Case,0.5941277146339417,0.40587231516838074,Case,0.6090642213821411,0.3909357786178589,Case,0.5986601114273071,0.40133988857269287,Case,0.6371026039123535,0.3628973364830017,Case,0.6500381231307983,0.34996190667152405,Case,0.6762804388999939,0.3237196207046509,Case,0.7553548216819763,0.2446451336145401,Case,0.7159199118614197,0.2840801179409027,Case,0.7447258830070496,0.2552741467952728,Case,0.7564807534217834,0.24351929128170013,Case,0.8382617831230164,0.16173817217350006,Case,0.5762336254119873,0.4237663745880127,Case,0.5804785490036011,0.4195214509963989,Case,0.5823813676834106,0.41761863231658936,Case,0.6545189619064331,0.3454810082912445
30,SVM0503,SVM0503,label,Case,1,Control,0.4596991505188456,0.5403008494811544,Control,0.5640615403884208,0.43593845961157923,Control,0.2680480480194092,0.7319519519805908,Control,0.2307405173778534,0.769259512424469,Control,0.2214944213628769,0.7785056233406067,Control,0.2350868284702301,0.7649132013320923,Control,0.24364541471004486,0.7563546299934387,Control,0.30153918266296387,0.6984608173370361,Control,0.13642066717147827,0.8635793924331665,Control,0.14305230975151062,0.8569477200508118,Control,0.06429623067378998,0.9357038140296936,Control,0.398783802986145,0.601216197013855,Control,0.442207008600235,0.5577929615974426,Case,0.6817072033882141,0.3182927966117859,Case,0.840147078037262,0.15985295176506042,Case,0.8028614521026611,0.19713856279850006,Case,0.8088980913162231,0.19110190868377686,Case,0.8793016672134399,0.12069833278656006,Case,0.9915414452552795,0.008458632044494152,Control,0.04569954797625542,0.9543004035949707,Control,0.021612489596009254,0.9783874750137329,Control,0.019394906237721443,0.9806051254272461,Control,0.013536388985812664,0.9864635467529297,Control,0.46760794520378113,0.5323920845985413,Control,0.42929649353027344,0.5707035064697266,Case,0.6559504866600037,0.34404948353767395,Case,0.6493561863899231,0.3506438136100769,Case,0.6386098861694336,0.3613901436328888,Case,0.6424322724342346,0.357567697763443,Case,0.6389698386192322,0.36103013157844543,Case,0.694830596446991,0.3051694333553314,Case,0.6410483717918396,0.3589515686035156,Case,0.6463271975517273,0.3536728322505951,Case,0.6260496973991394,0.3739502429962158,Case,0.6349918246269226,0.3650081157684326,Case,0.6821781992912292,0.31782183051109314,Case,0.6750488877296448,0.3249511122703552,Case,0.6857212781906128,0.3142786920070648,Case,0.7579652070999146,0.24203476309776306,Case,0.5957375168800354,0.4042624831199646,Case,0.6050707101821899,0.39492928981781006,Case,0.6021566390991211,0.3978433907032013,Case,0.5245411396026611,0.4754588305950165
31,SVM0504,SVM0504,label,Case,1,Case,0.9998887796346846,0.00011122036531541202,Case,0.7488829690611308,0.2511170309388694,Case,0.981109082698822,0.01889091730117798,Case,0.7630794048309326,0.236920565366745,Case,0.8877949118614197,0.11220509558916092,Case,0.9466047883033752,0.05339527130126953,Case,0.9922580122947693,0.007741997484117746,Case,0.8054588437080383,0.19454114139080048,Case,0.9235029816627502,0.07649696618318558,Case,0.9379855990409851,0.0620143860578537,Case,0.902477502822876,0.09752242267131805,Case,0.8570591807365417,0.14294078946113586,Case,0.9533772468566895,0.04662282019853592,Case,0.9935977458953857,0.006402221973985434,Case,0.9975988268852234,0.0024011952336877584,Case,0.7681881785392761,0.2318117916584015,Case,0.7789160013198853,0.22108402848243713,Case,0.8671312928199768,0.1328687071800232,Case,0.7636229991912842,0.23637694120407104,Case,0.9359318017959595,0.06406821310520172,Case,0.948397696018219,0.05160225182771683,Case,0.968662440776825,0.03133752569556236,Case,0.9514007568359375,0.0485992357134819,Case,0.9077536463737488,0.09224629402160645,Case,0.9245904684066772,0.07540950179100037,Case,0.9770197868347168,0.022980162873864174,Case,0.9683438539505005,0.03165607899427414,Case,0.6481292247772217,0.3518708050251007,Case,0.6503078937530518,0.34969210624694824,Case,0.6311374306678772,0.3688625693321228,Case,0.674079954624176,0.3259200155735016,Case,0.669291079044342,0.33070889115333557,Case,0.676207423210144,0.32379254698753357,Case,0.678637683391571,0.32136231660842896,Case,0.6893332600593567,0.3106667697429657,Case,0.6048848032951355,0.3951152265071869,Case,0.6259647011756897,0.3740352988243103,Case,0.6199886798858643,0.38001129031181335,Case,0.7135713696479797,0.28642863035202026,Case,0.640984833240509,0.35901519656181335,Case,0.645403265953064,0.3545967936515808,Case,0.644834578037262,0.35516536235809326,Case,0.6845468878746033,0.3154531419277191
32,SVM0507,SVM0507,label,Case,1,Control,0.10914271205383841,0.8908572879461616,Control,0.5145893041231173,0.4854106958768825,Case,0.6541095972061157,0.3458904027938843,Case,0.9323855042457581,0.06761447340250015,Case,0.96896892786026,0.031031044200062752,Case,0.9926061630249023,0.007393843028694391,Case,0.9956824779510498,0.00431752810254693,Case,0.759345531463623,0.24065446853637695,Case,0.8411312103271484,0.15886880457401276,Case,0.8599306344985962,0.14006933569908142,Case,0.8120413422584534,0.18795868754386902,Case,0.8035640716552734,0.1964358687400818,Case,0.9060492515563965,0.09395076334476471,Case,0.9834660291671753,0.016533993184566498,Case,0.9959273934364319,0.004072527401149273,Case,0.8453713655471802,0.1546287089586258,Case,0.844478964805603,0.15552100539207458,Case,0.9173803925514221,0.08261965215206146,Case,0.9659391641616821,0.03406085819005966,Case,0.9459413886070251,0.05405859276652336,Case,0.9479058980941772,0.052094072103500366,Case,0.9658884406089783,0.03411152958869934,Case,0.9784873127937317,0.02151264250278473,Case,0.8319226503372192,0.16807739436626434,Case,0.8688273429870605,0.13117261230945587,Case,0.8521353006362915,0.14786475896835327,Case,0.9394891262054443,0.06051084026694298,Case,0.6183111667633057,0.38168883323669434,Case,0.615880012512207,0.38411998748779297,Case,0.6319737434387207,0.3680262863636017,Case,0.6662110090255737,0.33378902077674866,Case,0.6414797902107239,0.3585202097892761,Case,0.6318543553352356,0.3681457042694092,Case,0.6585261821746826,0.341473788022995,Case,0.7181115746498108,0.2818884551525116,Case,0.7128983736038208,0.2871016561985016,Case,0.7367591857910156,0.26324084401130676,Case,0.7556076645851135,0.24439238011837006,Case,0.829265296459198,0.1707347184419632,Case,0.6306857466697693,0.3693142533302307,Case,0.617965579032898,0.38203442096710205,Case,0.6188055276870728,0.381194531917572,Case,0.6716864109039307,0.32831355929374695
33,SVM0511,SVM0511_R,label,Case,1,Case,0.9938502673578866,0.006149732642113381,Case,0.7210961225145706,0.2789038774854296,Case,0.8633240461349487,0.13667595386505127,Case,0.6604544520378113,0.3395455479621887,Case,0.6733356714248657,0.32666438817977905,Case,0.9232468605041504,0.0767531469464302,Case,0.9897291660308838,0.010270817205309868,Case,0.8628786206245422,0.13712137937545776,Case,0.9319528341293335,0.06804712861776352,Case,0.9492616653442383,0.0507383793592453,Case,0.9634283185005188,0.036571718752384186,Case,0.9264658093452454,0.07353416085243225,Case,0.9532222151756287,0.046777743846178055,Case,0.9789011478424072,0.02109891176223755,Case,0.9897608160972595,0.01023922860622406,Case,0.7131319046020508,0.2868680953979492,Case,0.805026650428772,0.19497333467006683,Case,0.9489983320236206,0.05100170150399208,Case,0.9939224123954773,0.006077574100345373,Case,0.9924219250679016,0.007578094955533743,Case,0.9956045150756836,0.004395538475364447,Case,0.9986091256141663,0.0013909308472648263,Case,0.9989481568336487,0.0010518226772546768,Case,0.8869103193283081,0.1130896657705307,Case,0.9167526960372925,0.0832473561167717,Case,0.9663044810295105,0.03369557484984398,Case,0.9960275888442993,0.003972460515797138,Case,0.5625380277633667,0.4374619126319885,Case,0.5605181455612183,0.43948182463645935,Case,0.553739070892334,0.446260929107666,Case,0.5132272839546204,0.48677268624305725,Case,0.6446940898895264,0.35530591011047363,Case,0.653347373008728,0.3466525673866272,Case,0.6606153845787048,0.33938464522361755,Case,0.7290061116218567,0.2709938585758209,Case,0.7534489035606384,0.24655108153820038,Case,0.7749258279800415,0.2250741720199585,Case,0.8047971129417419,0.19520288705825806,Case,0.8793953657150269,0.12060458958148956,Case,0.6277867555618286,0.372213214635849,Case,0.6406009793281555,0.3593989908695221,Case,0.6511315107345581,0.3488684892654419,Case,0.7045097947120667,0.29549020528793335
34,SVM0514,SVM0514,label,Case,1,Case,0.9388347600788217,0.06116523992117828,Case,0.730423865860951,0.26957613413904896,Case,0.9141951203346252,0.08580487966537476,Case,0.7177926898002625,0.2822072505950928,Case,0.8648409843444824,0.1351589858531952,Case,0.9451954960823059,0.054804496467113495,Case,0.9813189506530762,0.01868097484111786,Case,0.6308072805404663,0.3691927492618561,Case,0.6594386100769043,0.3405614197254181,Case,0.7306123971939087,0.2693876624107361,Case,0.8923264145851135,0.10767355561256409,Case,0.9262455701828003,0.07375442981719971,Case,0.9790294170379639,0.020970584824681282,Case,0.9960789084434509,0.003921091556549072,Case,0.9979311227798462,0.002068871632218361,Case,0.9242972135543823,0.07570283859968185,Case,0.9652485251426697,0.03475147858262062,Case,0.9881816506385803,0.011818371713161469,Case,0.9982465505599976,0.001753436285071075,Case,0.7810501456260681,0.21894991397857666,Case,0.7093831300735474,0.290616899728775,Case,0.6437446475028992,0.3562554121017456,Case,0.7563799619674683,0.24361997842788696,Case,0.7843341827392578,0.2156657725572586,Case,0.8233955502510071,0.17660444974899292,Case,0.9012739062309265,0.09872607886791229,Case,0.8865728974342346,0.11342708766460419,Case,0.650831401348114,0.3491686284542084,Case,0.6583713293075562,0.34162864089012146,Case,0.6513118147850037,0.3486882448196411,Case,0.6911154985427856,0.30888447165489197,Case,0.6463456153869629,0.3536544144153595,Case,0.6420561075210571,0.35794395208358765,Case,0.6490234732627869,0.3509765565395355,Case,0.6672472953796387,0.33275270462036133,Case,0.6980087757110596,0.30199119448661804,Case,0.706583559513092,0.29341641068458557,Case,0.73908931016922,0.2609107196331024,Case,0.8167944550514221,0.18320558965206146,Case,0.6244670152664185,0.37553295493125916,Case,0.6110799908638,0.38892000913619995,Case,0.6372919082641602,0.36270806193351746,Case,0.6626579165458679,0.3373420238494873
35,SVM0517,SVM0517,label,Case,1,Case,0.7255937265131074,0.2744062734868926,Control,0.4503106485638821,0.549689351436118,Control,0.14221979677677155,0.8577802181243896,Control,0.325950026512146,0.674049973487854,Control,0.19750620424747467,0.8024938106536865,Control,0.18149353563785553,0.8185064792633057,Control,0.20330792665481567,0.7966920733451843,Control,0.3356708288192749,0.6643291711807251,Control,0.2117038518190384,0.7882961630821228,Control,0.17147770524024963,0.828522264957428,Control,0.12200533598661423,0.87799471616745,Control,0.2973736822605133,0.7026263475418091,Control,0.311769038438797,0.6882309913635254,Case,0.5285963416099548,0.47140368819236755,Case,0.5555867552757263,0.4444131851196289,Control,0.2947068214416504,0.7052931785583496,Control,0.2566543221473694,0.7433457374572754,Control,0.16730763018131256,0.8326923847198486,Control,0.35204845666885376,0.647951602935791,Control,0.012796240858733654,0.9872037768363953,Control,0.010602734051644802,0.9893972873687744,Control,0.0008681389736011624,0.9991318583488464,Control,0.004313706420361996,0.9956862926483154,Control,0.11633289605379105,0.8836671710014343,Control,0.08419790118932724,0.9158021211624146,Control,0.08862968534231186,0.9113703370094299,Control,0.026024917140603065,0.9739751219749451,Case,0.5799584984779358,0.4200414717197418,Case,0.5684815645217896,0.43151840567588806,Case,0.5761527419090271,0.4238472282886505,Case,0.5486800074577332,0.45131999254226685,Case,0.6268045902252197,0.3731954097747803,Case,0.6335916519165039,0.3664083778858185,Case,0.6225396394729614,0.37746042013168335,Case,0.6105860471725464,0.3894139528274536,Case,0.5018825531005859,0.4981174170970917,Control,0.49399176239967346,0.5060082077980042,Control,0.4357321858406067,0.5642678737640381,Control,0.2509341537952423,0.7490658760070801,Case,0.5146523714065552,0.4853476881980896,Case,0.5225972533226013,0.4774026870727539,Case,0.5178021788597107,0.48219776153564453,Control,0.44504913687705994,0.5549508929252625
36,SVM0518,SVM0518,label,Case,1,Case,0.9848722539516028,0.015127746048397173,Control,0.48651978072336455,0.5134802192766355,Case,0.6602990031242371,0.33970099687576294,Case,0.6167968511581421,0.3832031488418579,Case,0.64362633228302,0.35637366771698,Case,0.5796171426773071,0.4203827977180481,Case,0.8441305160522461,0.1558695137500763,Case,0.6743243336677551,0.32567569613456726,Case,0.6199660301208496,0.3800339698791504,Case,0.645842969417572,0.3541570007801056,Case,0.620906412601471,0.37909355759620667,Control,0.4833430051803589,0.5166569948196411,Case,0.6681913137435913,0.3318086564540863,Case,0.8420535922050476,0.15794634819030762,Case,0.6247677206993103,0.3752322793006897,Case,0.8584731221199036,0.14152692258358002,Case,0.9471005797386169,0.05289948731660843,Case,0.9909846782684326,0.0090152807533741,Case,0.994329035282135,0.005670991726219654,Case,0.8272039890289307,0.17279599606990814,Case,0.8316516876220703,0.1683482527732849,Case,0.8993566632270813,0.1006433293223381,Case,0.8756977915763855,0.1243022084236145,Case,0.6044689416885376,0.3955310583114624,Case,0.6408684849739075,0.35913148522377014,Case,0.682413637638092,0.31758633255958557,Case,0.9351055026054382,0.06489445269107819,Case,0.5710532665252686,0.42894670367240906,Case,0.5626625418663025,0.4373374581336975,Case,0.554313063621521,0.4456869065761566,Case,0.5811626315116882,0.4188373386859894,Case,0.5563710927963257,0.4436289668083191,Case,0.5318416953086853,0.4681582748889923,Case,0.5453152060508728,0.4546848237514496,Case,0.5413292646408081,0.4586707055568695,Control,0.47493839263916016,0.5250616073608398,Control,0.43198123574256897,0.5680187940597534,Control,0.44581127166748047,0.5541886687278748,Control,0.45334795117378235,0.5466520190238953,Case,0.6463099718093872,0.3536900579929352,Case,0.6531453132629395,0.34685462713241577,Case,0.6754201054573059,0.3245799243450165,Case,0.7226975560188293,0.27730244398117065
