family,model,fine_tune_mode,support_per_class,repeat,n_train,n_query,status,error,accuracy,balanced_accuracy,macro_f1,weighted_f1,precision,recall,f1,roc_auc,pr_auc,tn,fp,fn,tp
classical,logistic_regression,-,2,1,4,38,ok,,0.7368421052631579,0.7815384615384615,0.7338935574229692,0.7427392009435353,0.9411764705882353,0.64,0.7619047619047619,0.8707692307692309,0.9345358824980516,12,1,9,16
classical,svm_rbf,-,2,1,4,38,ok,,0.8421052631578947,0.7876923076923077,0.8080808080808081,0.833599149388623,0.8275862068965517,0.96,0.8888888888888888,0.1538461538461538,0.5396889353267064,8,5,1,24
classical,xgboost,-,2,1,4,38,ok,,0.34210526315789475,0.5,0.2549019607843137,0.17440660474716202,0.0,0.0,0.0,0.5,0.6578947368421053,13,0,25,0
classical,logistic_regression,-,2,2,4,38,ok,,0.7368421052631579,0.6523076923076924,0.6607142857142857,0.7114661654135338,0.7419354838709677,0.92,0.8214285714285714,0.8276923076923077,0.9236960615313758,5,8,2,23
classical,svm_rbf,-,2,2,4,38,ok,,0.3684210526315789,0.52,0.29846153846153844,0.228502024291498,1.0,0.04,0.07692307692307693,0.09230769230769231,0.4768481638495109,13,0,24,1
classical,xgboost,-,2,2,4,38,ok,,0.34210526315789475,0.5,0.2549019607843137,0.17440660474716202,0.0,0.0,0.0,0.5,0.6578947368421053,13,0,25,0
classical,logistic_regression,-,2,3,4,38,ok,,0.4473684210526316,0.58,0.4145267791636097,0.37073792331158045,1.0,0.16,0.27586206896551724,0.5723076923076924,0.8123372799054204,13,0,21,4
classical,svm_rbf,-,2,3,4,38,ok,,0.7631578947368421,0.8200000000000001,0.7616724738675958,0.7676141573445809,1.0,0.64,0.7804878048780488,0.04615384615384614,0.4639907884763461,13,0,9,16
classical,xgboost,-,2,3,4,38,ok,,0.34210526315789475,0.5,0.2549019607843137,0.17440660474716202,0.0,0.0,0.0,0.5,0.6578947368421053,13,0,25,0
classical,logistic_regression,-,2,4,4,38,ok,,0.9473684210526315,0.96,0.9434523809523809,0.9481516290726817,1.0,0.92,0.9583333333333334,1.0,1.0000000000000002,13,0,2,23
classical,svm_rbf,-,2,4,4,38,ok,,0.6578947368421053,0.74,0.6576576576576576,0.6548127074442863,1.0,0.48,0.6486486486486487,0.012307692307692304,0.4709274332675463,13,0,13,12
classical,xgboost,-,2,4,4,38,ok,,0.34210526315789475,0.5,0.2549019607843137,0.17440660474716202,0.0,0.0,0.0,0.5,0.6578947368421053,13,0,25,0
classical,logistic_regression,-,2,5,4,38,ok,,0.5789473684210527,0.6799999999999999,0.5742296918767507,0.560076662243845,1.0,0.36,0.5294117647058824,0.7938461538461539,0.9099759586576924,13,0,16,9
classical,svm_rbf,-,2,5,4,38,ok,,0.7631578947368421,0.8200000000000001,0.7616724738675958,0.7676141573445809,1.0,0.64,0.7804878048780488,0.046153846153846156,0.46879032900503015,13,0,9,16
classical,xgboost,-,2,5,4,38,ok,,0.34210526315789475,0.5,0.2549019607843137,0.17440660474716202,0.0,0.0,0.0,0.5,0.6578947368421053,13,0,25,0
classical,logistic_regression,-,2,6,4,38,ok,,0.868421052631579,0.8630769230769231,0.8563869992441421,0.8695150574849823,0.9166666666666666,0.88,0.8979591836734694,0.956923076923077,0.9788772946859904,11,2,3,22
classical,svm_rbf,-,2,6,4,38,ok,,0.6842105263157895,0.5938461538461539,0.5928571428571429,0.6537593984962405,0.7096774193548387,0.88,0.7857142857142857,0.1523076923076923,0.5656912405550176,4,9,3,22
classical,xgboost,-,2,6,4,38,ok,,0.34210526315789475,0.5,0.2549019607843137,0.17440660474716202,0.0,0.0,0.0,0.5,0.6578947368421053,13,0,25,0
classical,logistic_regression,-,2,7,4,38,ok,,0.8157894736842105,0.8415384615384616,0.8093189964157705,0.8204112431616677,0.95,0.76,0.8444444444444444,0.8984615384615384,0.9569813193461107,12,1,6,19
classical,svm_rbf,-,2,7,4,38,ok,,0.8947368421052632,0.9199999999999999,0.8898550724637682,0.8971777269260107,1.0,0.84,0.9130434782608695,0.00923076923076923,0.4823546327520214,13,0,4,21
classical,xgboost,-,2,7,4,38,ok,,0.34210526315789475,0.5,0.2549019607843137,0.17440660474716202,0.0,0.0,0.0,0.5,0.6578947368421053,13,0,25,0
classical,logistic_regression,-,2,8,4,38,ok,,0.7368421052631579,0.6707692307692308,0.6801346801346801,0.7226652489810385,0.7586206896551724,0.88,0.8148148148148148,0.7876923076923077,0.8951819947654793,6,7,3,22
classical,svm_rbf,-,2,8,4,38,ok,,0.7894736842105263,0.7476923076923077,0.7564102564102564,0.7847503373819162,0.8148148148148148,0.88,0.8461538461538461,0.24,0.5206935027590781,8,5,3,22
classical,xgboost,-,2,8,4,38,ok,,0.34210526315789475,0.5,0.2549019607843137,0.17440660474716202,0.0,0.0,0.0,0.5,0.6578947368421053,13,0,25,0
classical,logistic_regression,-,2,9,4,38,ok,,0.7105263157894737,0.78,0.7103257103257103,0.7127329758908707,1.0,0.56,0.717948717948718,0.9261538461538461,0.966551941069683,13,0,11,14
classical,svm_rbf,-,2,9,4,38,ok,,0.34210526315789475,0.5,0.2549019607843137,0.17440660474716202,0.0,0.0,0.0,0.23692307692307688,0.5771664198858606,13,0,25,0
classical,xgboost,-,2,9,4,38,ok,,0.34210526315789475,0.5,0.2549019607843137,0.17440660474716202,0.0,0.0,0.0,0.5,0.6578947368421053,13,0,25,0
classical,logistic_regression,-,2,10,4,38,ok,,0.7368421052631579,0.8,0.7361111111111112,0.7404970760233919,1.0,0.6,0.75,0.8615384615384616,0.9346472279721987,13,0,10,15
classical,svm_rbf,-,2,10,4,38,ok,,0.7368421052631579,0.8,0.7361111111111112,0.7404970760233919,1.0,0.6,0.75,0.0923076923076923,0.486086184013121,13,0,10,15
classical,xgboost,-,2,10,4,38,ok,,0.34210526315789475,0.5,0.2549019607843137,0.17440660474716202,0.0,0.0,0.0,0.5,0.6578947368421053,13,0,25,0
classical,logistic_regression,-,3,1,6,36,ok,,0.8333333333333334,0.875,0.8285714285714285,0.8380952380952381,1.0,0.75,0.8571428571428571,0.9791666666666667,0.9916666666666665,12,0,6,18
classical,svm_rbf,-,3,1,6,36,ok,,0.75,0.8125,0.7482517482517483,0.7552447552447553,1.0,0.625,0.7692307692307693,1.0,0.9999999999999999,12,0,9,15
classical,xgboost,-,3,1,6,36,ok,,0.6666666666666666,0.5,0.4,0.5333333333333334,0.6666666666666666,1.0,0.8,0.5,0.6666666666666666,0,12,0,24
classical,logistic_regression,-,3,2,6,36,ok,,0.5277777777777778,0.6458333333333334,0.5184893784421715,0.4961972200367164,1.0,0.2916666666666667,0.45161290322580644,0.6076388888888888,0.8102675404997015,12,0,17,7
classical,svm_rbf,-,3,2,6,36,ok,,0.3611111111111111,0.5208333333333334,0.2953191489361702,0.22354609929078015,1.0,0.041666666666666664,0.08,0.11111111111111113,0.49031145788828434,12,0,23,1
classical,xgboost,-,3,2,6,36,ok,,0.6666666666666666,0.5,0.4,0.5333333333333334,0.6666666666666666,1.0,0.8,0.5,0.6666666666666666,0,12,0,24
classical,logistic_regression,-,3,3,6,36,ok,,0.7222222222222222,0.6875,0.6875,0.7222222222222222,0.7916666666666666,0.7916666666666666,0.7916666666666666,0.826388888888889,0.928140490912299,7,5,5,19
classical,svm_rbf,-,3,3,6,36,ok,,0.6388888888888888,0.5416666666666667,0.535253227408143,0.6084078119827873,0.6896551724137931,0.8333333333333334,0.7547169811320755,0.4618055555555556,0.6496108757353193,3,9,4,20
classical,xgboost,-,3,3,6,36,ok,,0.6666666666666666,0.5,0.4,0.5333333333333334,0.6666666666666666,1.0,0.8,0.5,0.6666666666666666,0,12,0,24
classical,logistic_regression,-,3,4,6,36,ok,,0.4166666666666667,0.45833333333333337,0.41621621621621624,0.42162162162162165,0.6153846153846154,0.3333333333333333,0.43243243243243246,0.4305555555555556,0.6945261574127184,7,5,16,8
classical,svm_rbf,-,3,4,6,36,ok,,0.2777777777777778,0.3541666666666667,0.26875,0.24166666666666664,0.375,0.125,0.1875,0.42013888888888884,0.6263434414169707,7,5,21,3
classical,xgboost,-,3,4,6,36,ok,,0.6666666666666666,0.5,0.4,0.5333333333333334,0.6666666666666666,1.0,0.8,0.5,0.6666666666666666,0,12,0,24
classical,logistic_regression,-,3,5,6,36,ok,,0.8055555555555556,0.8541666666666667,0.8017309205350118,0.8109100445843168,1.0,0.7083333333333334,0.8292682926829268,0.9618055555555556,0.9828747795414461,12,0,7,17
classical,svm_rbf,-,3,5,6,36,ok,,0.8055555555555556,0.8541666666666667,0.8017309205350118,0.8109100445843168,1.0,0.7083333333333334,0.8292682926829268,0.9340277777777779,0.9685000570417236,12,0,7,17
classical,xgboost,-,3,5,6,36,ok,,0.6666666666666666,0.5,0.4,0.5333333333333334,0.6666666666666666,1.0,0.8,0.5,0.6666666666666666,0,12,0,24
classical,logistic_regression,-,3,6,6,36,ok,,0.7222222222222222,0.7916666666666667,0.7213622291021672,0.7265221878224973,1.0,0.5833333333333334,0.7368421052631579,0.9965277777777777,0.9983333333333333,12,0,10,14
classical,svm_rbf,-,3,6,6,36,ok,,0.7222222222222222,0.7916666666666667,0.7213622291021672,0.7265221878224973,1.0,0.5833333333333334,0.7368421052631579,0.9618055555555555,0.9817857142857143,12,0,10,14
classical,xgboost,-,3,6,6,36,ok,,0.6666666666666666,0.5,0.4,0.5333333333333334,0.6666666666666666,1.0,0.8,0.5,0.6666666666666666,0,12,0,24
classical,logistic_regression,-,3,7,6,36,ok,,0.8055555555555556,0.8541666666666667,0.8017309205350118,0.8109100445843168,1.0,0.7083333333333334,0.8292682926829268,0.8541666666666666,0.9462502427741581,12,0,7,17
classical,svm_rbf,-,3,7,6,36,ok,,0.8055555555555556,0.8541666666666667,0.8017309205350118,0.8109100445843168,1.0,0.7083333333333334,0.8292682926829268,0.9722222222222222,0.9866708754208755,12,0,7,17
classical,xgboost,-,3,7,6,36,ok,,0.6666666666666666,0.5,0.4,0.5333333333333334,0.6666666666666666,1.0,0.8,0.5,0.6666666666666666,0,12,0,24
classical,logistic_regression,-,3,8,6,36,ok,,0.8333333333333334,0.875,0.8285714285714285,0.8380952380952381,1.0,0.75,0.8571428571428571,0.9965277777777777,0.9983333333333333,12,0,6,18
classical,svm_rbf,-,3,8,6,36,ok,,0.7222222222222222,0.7916666666666667,0.7213622291021672,0.7265221878224973,1.0,0.5833333333333334,0.7368421052631579,0.024305555555555556,0.4751102183491148,12,0,10,14
classical,xgboost,-,3,8,6,36,ok,,0.6666666666666666,0.5,0.4,0.5333333333333334,0.6666666666666666,1.0,0.8,0.5,0.6666666666666666,0,12,0,24
classical,logistic_regression,-,3,9,6,36,ok,,0.8333333333333334,0.875,0.8285714285714285,0.8380952380952381,1.0,0.75,0.8571428571428571,0.9895833333333334,0.9947856280193237,12,0,6,18
classical,svm_rbf,-,3,9,6,36,ok,,0.4722222222222222,0.6041666666666666,0.45148356054530875,0.41593156909917134,1.0,0.20833333333333334,0.3448275862068966,0.05729166666666668,0.579474691974692,12,0,19,5
classical,xgboost,-,3,9,6,36,ok,,0.6666666666666666,0.5,0.4,0.5333333333333334,0.6666666666666666,1.0,0.8,0.5,0.6666666666666666,0,12,0,24
classical,logistic_regression,-,3,10,6,36,ok,,0.9722222222222222,0.9791666666666667,0.9693617021276595,0.9724822695035462,1.0,0.9583333333333334,0.9787234042553191,0.9583333333333334,0.986111111111111,12,0,1,23
classical,svm_rbf,-,3,10,6,36,ok,,0.75,0.8125,0.7482517482517483,0.7552447552447553,1.0,0.625,0.7692307692307693,0.0,0.4804120542938015,12,0,9,15
classical,xgboost,-,3,10,6,36,ok,,0.6666666666666666,0.5,0.4,0.5333333333333334,0.6666666666666666,1.0,0.8,0.5,0.6666666666666666,0,12,0,24
classical,logistic_regression,-,4,1,8,34,ok,,0.9117647058823529,0.9347826086956521,0.9051162790697674,0.9139808481532148,1.0,0.8695652173913043,0.9302325581395349,1.0,1.0,11,0,3,20
classical,svm_rbf,-,4,1,8,34,ok,,0.7647058823529411,0.8260869565217391,0.7614035087719297,0.7713106295149639,1.0,0.6521739130434783,0.7894736842105263,0.9644268774703557,0.9826887161192206,11,0,8,15
classical,xgboost,-,4,1,8,34,ok,,0.6764705882352942,0.5,0.40350877192982454,0.545923632610939,0.6764705882352942,1.0,0.8070175438596491,0.8221343873517787,0.8650590671051029,0,11,0,23
classical,logistic_regression,-,4,2,8,34,ok,,0.8235294117647058,0.8458498023715415,0.8131868131868132,0.8287007110536522,0.9473684210526315,0.782608695652174,0.8571428571428571,0.9723320158102766,0.9853736671690109,10,1,5,18
classical,svm_rbf,-,4,2,8,34,ok,,0.7941176470588235,0.8241106719367588,0.7850045167118338,0.8006270258781018,0.9444444444444444,0.7391304347826086,0.8292682926829268,0.11462450592885377,0.5064919436441736,10,1,6,17
classical,xgboost,-,4,2,8,34,ok,,0.6764705882352942,0.5,0.40350877192982454,0.545923632610939,0.6764705882352942,1.0,0.8070175438596491,0.5731225296442688,0.7105370843989769,0,11,0,23
classical,logistic_regression,-,4,3,8,34,ok,,0.9411764705882353,0.9328063241106719,0.9328063241106719,0.9411764705882353,0.9565217391304348,0.9565217391304348,0.9565217391304348,0.9881422924901185,0.9943217620438791,10,1,1,22
classical,svm_rbf,-,4,3,8,34,ok,,0.8235294117647058,0.8458498023715415,0.8131868131868132,0.8287007110536522,0.9473684210526315,0.782608695652174,0.8571428571428571,0.02766798418972333,0.4995385814636424,10,1,5,18
classical,xgboost,-,4,3,8,34,ok,,0.6764705882352942,0.5,0.40350877192982454,0.545923632610939,0.6764705882352942,1.0,0.8070175438596491,0.7114624505928854,0.7916947099205816,0,11,0,23
classical,logistic_regression,-,4,4,8,34,ok,,0.9705882352941176,0.9782608695652174,0.9671497584541062,0.9709008240977549,1.0,0.9565217391304348,0.9777777777777777,1.0,1.0,11,0,1,22
classical,svm_rbf,-,4,4,8,34,ok,,0.7058823529411765,0.7826086956521738,0.7048611111111112,0.7109885620915033,1.0,0.5652173913043478,0.7222222222222222,1.0,1.0,11,0,10,13
classical,xgboost,-,4,4,8,34,ok,,0.6764705882352942,0.5,0.40350877192982454,0.545923632610939,0.6764705882352942,1.0,0.8070175438596491,0.8043478260869565,0.8734015345268542,0,11,0,23
classical,logistic_regression,-,4,5,8,34,ok,,0.7941176470588235,0.8478260869565217,0.7895667550839964,0.8004888958235814,1.0,0.6956521739130435,0.8205128205128205,1.0,1.0,11,0,7,16
classical,svm_rbf,-,4,5,8,34,ok,,0.6764705882352942,0.7608695652173914,0.6761904761904762,0.6795518207282913,1.0,0.5217391304347826,0.6857142857142857,0.003952569169960476,0.5041874724214169,11,0,11,12
classical,xgboost,-,4,5,8,34,ok,,0.6764705882352942,0.5,0.40350877192982454,0.545923632610939,0.6764705882352942,1.0,0.8070175438596491,0.7371541501976283,0.8189623675557179,0,11,0,23
classical,logistic_regression,-,4,6,8,34,ok,,0.8823529411764706,0.8893280632411067,0.8712121212121212,0.8845811051693405,0.9523809523809523,0.8695652173913043,0.9090909090909091,0.984189723320158,0.9926550953772126,10,1,3,20
classical,svm_rbf,-,4,6,8,34,ok,,0.7941176470588235,0.8478260869565217,0.7895667550839964,0.8004888958235814,1.0,0.6956521739130435,0.8205128205128205,0.5,0.6764705882352942,11,0,7,16
classical,xgboost,-,4,6,8,34,ok,,0.6764705882352942,0.5,0.40350877192982454,0.545923632610939,0.6764705882352942,1.0,0.8070175438596491,0.7075098814229248,0.7838874680306905,0,11,0,23
classical,logistic_regression,-,4,7,8,34,ok,,0.8823529411764706,0.9130434782608696,0.8754578754578755,0.8858004740357681,1.0,0.8260869565217391,0.9047619047619048,1.0,1.0,11,0,4,19
classical,svm_rbf,-,4,7,8,34,ok,,0.7352941176470589,0.8043478260869565,0.7332170880557978,0.7415252064208422,1.0,0.6086956521739131,0.7567567567567568,0.015810276679841903,0.5047371975588482,11,0,9,14
classical,xgboost,-,4,7,8,34,ok,,0.6764705882352942,0.5,0.40350877192982454,0.545923632610939,0.6764705882352942,1.0,0.8070175438596491,0.7391304347826086,0.8312020460358056,0,11,0,23
classical,logistic_regression,-,4,8,8,34,ok,,0.9117647058823529,0.9110671936758893,0.9014492753623189,0.9127024722932652,0.9545454545454546,0.9130434782608695,0.9333333333333333,0.9565217391304348,0.978186492782348,10,1,2,21
classical,svm_rbf,-,4,8,8,34,ok,,0.8823529411764706,0.8893280632411067,0.8712121212121212,0.8845811051693405,0.9523809523809523,0.8695652173913043,0.9090909090909091,0.08300395256916998,0.5516024897004475,10,1,3,20
classical,xgboost,-,4,8,8,34,ok,,0.6764705882352942,0.5,0.40350877192982454,0.545923632610939,0.6764705882352942,1.0,0.8070175438596491,0.758893280632411,0.8328218243819268,0,11,0,23
classical,logistic_regression,-,4,9,8,34,ok,,0.7647058823529411,0.8260869565217391,0.7614035087719297,0.7713106295149639,1.0,0.6521739130434783,0.7894736842105263,0.9604743083003953,0.9830890946202855,11,0,8,15
classical,svm_rbf,-,4,9,8,34,ok,,0.38235294117647056,0.5434782608695652,0.3358139534883721,0.2737619699042408,1.0,0.08695652173913043,0.16,0.03162055335968379,0.4821479780993138,11,0,21,2
classical,xgboost,-,4,9,8,34,ok,,0.6764705882352942,0.5,0.40350877192982454,0.545923632610939,0.6764705882352942,1.0,0.8070175438596491,0.8695652173913043,0.9156010230179028,0,11,0,23
classical,logistic_regression,-,4,10,8,34,ok,,0.7647058823529411,0.8260869565217391,0.7614035087719297,0.7713106295149639,1.0,0.6521739130434783,0.7894736842105263,0.992094861660079,0.9965217391304348,11,0,8,15
classical,svm_rbf,-,4,10,8,34,ok,,0.5588235294117647,0.6739130434782609,0.5553618134263296,0.541514949484589,1.0,0.34782608695652173,0.5161290322580645,1.0,1.0,11,0,15,8
classical,xgboost,-,4,10,8,34,ok,,0.6764705882352942,0.5,0.40350877192982454,0.545923632610939,0.6764705882352942,1.0,0.8070175438596491,0.6086956521739131,0.7468030690537084,0,11,0,23
classical,logistic_regression,-,5,1,10,32,ok,,0.8125,0.7272727272727273,0.75,0.796875,0.8076923076923077,0.9545454545454546,0.875,0.9409090909090909,0.976116686343959,5,5,1,21
classical,svm_rbf,-,5,1,10,32,ok,,0.65625,0.75,0.6559139784946236,0.6599462365591398,1.0,0.5,0.6666666666666666,0.02954545454545454,0.49135126941621754,10,0,11,11
classical,xgboost,-,5,1,10,32,ok,,0.84375,0.8863636363636364,0.8358974358974359,0.8493589743589743,1.0,0.7727272727272727,0.8717948717948718,0.9090909090909092,0.9431818181818182,10,0,5,17
classical,logistic_regression,-,5,2,10,32,ok,,0.9375,0.9545454545454546,0.9307359307359306,0.9388528138528138,1.0,0.9090909090909091,0.9523809523809523,0.990909090909091,0.9959575997125402,10,0,2,20
classical,svm_rbf,-,5,2,10,32,ok,,0.84375,0.8863636363636364,0.8358974358974359,0.8493589743589743,1.0,0.7727272727272727,0.8717948717948718,0.9954545454545455,0.9980237154150196,10,0,5,17
classical,xgboost,-,5,2,10,32,ok,,0.65625,0.5590909090909091,0.5594493116395495,0.6368898623279099,0.72,0.8181818181818182,0.7659574468085106,0.8340909090909091,0.92625,3,7,4,18
classical,logistic_regression,-,5,3,10,32,ok,,0.90625,0.9318181818181819,0.8981972428419936,0.9089342523860021,1.0,0.8636363636363636,0.926829268292683,1.0,0.9999999999999998,10,0,3,19
classical,svm_rbf,-,5,3,10,32,ok,,0.90625,0.9318181818181819,0.8981972428419936,0.9089342523860021,1.0,0.8636363636363636,0.926829268292683,1.0,0.9999999999999998,10,0,3,19
classical,xgboost,-,5,3,10,32,ok,,0.84375,0.8863636363636364,0.8358974358974359,0.8493589743589743,1.0,0.7727272727272727,0.8717948717948718,0.9545454545454546,0.9715909090909091,10,0,5,17
classical,logistic_regression,-,5,4,10,32,ok,,0.96875,0.9772727272727273,0.964562569213732,0.9691306755260243,1.0,0.9545454545454546,0.9767441860465116,1.0,0.9999999999999999,10,0,1,21
classical,svm_rbf,-,5,4,10,32,ok,,0.75,0.8181818181818181,0.746031746031746,0.7579365079365079,1.0,0.6363636363636364,0.7777777777777778,0.9772727272727273,0.9903148366784729,10,0,8,14
classical,xgboost,-,5,4,10,32,ok,,0.90625,0.8772727272727273,0.887719298245614,0.9048245614035089,0.9130434782608695,0.9545454545454546,0.9333333333333333,0.9318181818181818,0.9541749011857708,8,2,1,21
classical,logistic_regression,-,5,5,10,32,ok,,0.78125,0.8409090909090908,0.7757757757757757,0.7889139139139139,1.0,0.6818181818181818,0.8108108108108109,0.8863636363636364,0.9620417888563046,10,0,7,15
classical,svm_rbf,-,5,5,10,32,ok,,0.8125,0.8363636363636364,0.8,0.81875,0.9444444444444444,0.7727272727272727,0.85,0.9681818181818183,0.9855495953322038,9,1,5,17
classical,xgboost,-,5,5,10,32,ok,,0.78125,0.759090909090909,0.751937984496124,0.7839147286821706,0.8571428571428571,0.8181818181818182,0.8372093023255814,0.9249999999999999,0.9587012987012986,7,3,4,18
classical,logistic_regression,-,5,6,10,32,ok,,0.96875,0.9772727272727273,0.964562569213732,0.9691306755260243,1.0,0.9545454545454546,0.9767441860465116,1.0,0.9999999999999998,10,0,1,21
classical,svm_rbf,-,5,6,10,32,ok,,0.71875,0.7954545454545454,0.716256157635468,0.7262315270935961,1.0,0.5909090909090909,0.7428571428571429,0.9954545454545455,0.9980237154150196,10,0,9,13
classical,xgboost,-,5,6,10,32,ok,,0.6875,0.7727272727272727,0.6862745098039216,0.6936274509803921,1.0,0.5454545454545454,0.7058823529411765,0.8409090909090908,0.9005681818181818,10,0,10,12
classical,logistic_regression,-,5,7,10,32,ok,,0.8125,0.8636363636363636,0.8056680161943319,0.8193319838056681,1.0,0.7272727272727273,0.8421052631578947,0.8454545454545453,0.947390491190653,10,0,6,16
classical,svm_rbf,-,5,7,10,32,ok,,0.875,0.9090909090909092,0.8666666666666667,0.8791666666666667,1.0,0.8181818181818182,0.9,1.0,0.9999999999999998,10,0,4,18
classical,xgboost,-,5,7,10,32,ok,,0.84375,0.8863636363636364,0.8358974358974359,0.8493589743589743,1.0,0.7727272727272727,0.8717948717948718,0.9318181818181819,0.9573863636363636,10,0,5,17
classical,logistic_regression,-,5,8,10,32,ok,,0.90625,0.8772727272727273,0.887719298245614,0.9048245614035089,0.9130434782608695,0.9545454545454546,0.9333333333333333,0.9681818181818183,0.9890282131661441,8,2,1,21
classical,svm_rbf,-,5,8,10,32,ok,,0.875,0.8272727272727273,0.8454106280193237,0.8707729468599034,0.875,0.9545454545454546,0.9130434782608695,0.759090909090909,0.7956763685862793,7,3,1,21
classical,xgboost,-,5,8,10,32,ok,,0.5625,0.6,0.5555555555555556,0.576388888888889,0.7857142857142857,0.5,0.6111111111111112,0.7113636363636364,0.8084075015893197,7,3,11,11
classical,logistic_regression,-,5,9,10,32,ok,,0.90625,0.9318181818181819,0.8981972428419936,0.9089342523860021,1.0,0.8636363636363636,0.926829268292683,1.0,0.9999999999999998,10,0,3,19
classical,svm_rbf,-,5,9,10,32,ok,,0.40625,0.5681818181818181,0.3764102564102564,0.3252564102564102,1.0,0.13636363636363635,0.24,0.004545454545454544,0.4881880583582696,10,0,19,3
classical,xgboost,-,5,9,10,32,ok,,0.6875,0.6909090909090909,0.6666666666666667,0.6979166666666667,0.8333333333333334,0.6818181818181818,0.75,0.6795454545454545,0.8066287878787879,7,3,7,15
classical,logistic_regression,-,5,10,10,32,ok,,0.875,0.9090909090909092,0.8666666666666667,0.8791666666666667,1.0,0.8181818181818182,0.9,0.990909090909091,0.9962121212121213,10,0,4,18
classical,svm_rbf,-,5,10,10,32,ok,,0.8125,0.8636363636363636,0.8056680161943319,0.8193319838056681,1.0,0.7272727272727273,0.8421052631578947,1.0,0.9999999999999998,10,0,6,16
classical,xgboost,-,5,10,10,32,ok,,0.625,0.7,0.6235294117647059,0.6323529411764706,0.9166666666666666,0.5,0.6470588235294118,0.7613636363636364,0.8356060606060606,9,1,11,11
classical,logistic_regression,-,6,1,12,30,ok,,0.9333333333333333,0.9523809523809523,0.925,0.9349999999999999,1.0,0.9047619047619048,0.95,1.0,1.0000000000000002,9,0,2,19
classical,svm_rbf,-,6,1,12,30,ok,,0.7333333333333333,0.8095238095238095,0.7285067873303167,0.7429864253393664,1.0,0.6190476190476191,0.7647058823529411,1.0,1.0000000000000002,9,0,8,13
classical,xgboost,-,6,1,12,30,ok,,0.8333333333333334,0.8809523809523809,0.8237367802585194,0.8401880141010576,1.0,0.7619047619047619,0.8648648648648649,0.9814814814814814,0.9901133786848071,9,0,5,16
classical,logistic_regression,-,6,2,12,30,ok,,0.9,0.8968253968253967,0.8844672657252888,0.9014120667522465,0.95,0.9047619047619048,0.926829268292683,0.9841269841269842,0.9935916395543729,8,1,2,19
classical,svm_rbf,-,6,2,12,30,ok,,0.8666666666666667,0.873015873015873,0.8500000000000001,0.87,0.9473684210526315,0.8571428571428571,0.9,0.9682539682539683,0.9869950615292233,8,1,3,18
classical,xgboost,-,6,2,12,30,ok,,0.7666666666666667,0.7380952380952381,0.730423620025674,0.769961489088575,0.85,0.8095238095238095,0.8292682926829268,0.7962962962962963,0.837572799127421,6,3,4,17
classical,logistic_regression,-,6,3,12,30,ok,,1.0,1.0,1.0,1.0,1.0,1.0,1.0,1.0,1.0000000000000002,9,0,0,21
classical,svm_rbf,-,6,3,12,30,ok,,0.7666666666666667,0.8333333333333333,0.76,0.776,1.0,0.6666666666666666,0.8,0.9788359788359788,0.9912106871734203,9,0,7,14
classical,xgboost,-,6,3,12,30,ok,,0.8,0.7936507936507937,0.7749999999999999,0.8049999999999999,0.8947368421052632,0.8095238095238095,0.85,0.9153439153439153,0.9587144622899773,7,2,4,17
classical,logistic_regression,-,6,4,12,30,ok,,0.8666666666666667,0.9047619047619048,0.8564593301435407,0.8717703349282296,1.0,0.8095238095238095,0.8947368421052632,1.0,1.0,9,0,4,17
classical,svm_rbf,-,6,4,12,30,ok,,0.7333333333333333,0.8095238095238095,0.7285067873303167,0.7429864253393664,1.0,0.6190476190476191,0.7647058823529411,0.9841269841269841,0.9931869717584005,9,0,8,13
classical,xgboost,-,6,4,12,30,ok,,0.5333333333333333,0.5714285714285714,0.5248868778280543,0.5502262443438914,0.7692307692307693,0.47619047619047616,0.5882352941176471,0.7566137566137566,0.8800638711297711,6,3,11,10
classical,logistic_regression,-,6,5,12,30,ok,,0.9666666666666667,0.9761904761904762,0.9614890885750962,0.9671373555840821,1.0,0.9523809523809523,0.975609756097561,0.9523809523809523,0.985714285714286,9,0,1,20
classical,svm_rbf,-,6,5,12,30,ok,,0.8666666666666667,0.873015873015873,0.8500000000000001,0.87,0.9473684210526315,0.8571428571428571,0.9,0.021164021164021166,0.5093677195316606,8,1,3,18
classical,xgboost,-,6,5,12,30,ok,,0.7,0.7222222222222222,0.6827262044653349,0.7123384253819036,0.875,0.6666666666666666,0.7567567567567568,0.8994708994708994,0.9532798677569173,7,2,7,14
classical,logistic_regression,-,6,6,12,30,ok,,0.9333333333333333,0.9206349206349206,0.9206349206349206,0.9333333333333333,0.9523809523809523,0.9523809523809523,0.9523809523809523,0.9894179894179893,0.9955679241393527,8,1,1,20
classical,svm_rbf,-,6,6,12,30,ok,,0.9333333333333333,0.9206349206349206,0.9206349206349206,0.9333333333333333,0.9523809523809523,0.9523809523809523,0.9523809523809523,0.9947089947089947,0.9978354978354979,8,1,1,20
classical,xgboost,-,6,6,12,30,ok,,0.9,0.9285714285714286,0.8901098901098901,0.9032967032967034,1.0,0.8571428571428571,0.9230769230769231,0.9947089947089948,0.9956709956709957,9,0,3,18
classical,logistic_regression,-,6,7,12,30,ok,,0.9666666666666667,0.9761904761904762,0.9614890885750962,0.9671373555840821,1.0,0.9523809523809523,0.975609756097561,0.9947089947089947,0.9978354978354981,9,0,1,20
classical,svm_rbf,-,6,7,12,30,ok,,0.8666666666666667,0.9047619047619048,0.8564593301435407,0.8717703349282296,1.0,0.8095238095238095,0.8947368421052632,0.9841269841269841,0.9933003504432076,9,0,4,17
classical,xgboost,-,6,7,12,30,ok,,0.7666666666666667,0.7063492063492063,0.7127222982216143,0.762517099863201,0.8181818181818182,0.8571428571428571,0.8372093023255814,0.8968253968253969,0.9536802283157784,5,4,3,18
classical,logistic_regression,-,6,8,12,30,ok,,0.9,0.8968253968253967,0.8844672657252888,0.9014120667522465,0.95,0.9047619047619048,0.926829268292683,0.9894179894179893,0.9955679241393529,8,1,2,19
classical,svm_rbf,-,6,8,12,30,ok,,0.6666666666666666,0.7619047619047619,0.6651785714285714,0.6741071428571428,1.0,0.5238095238095238,0.6875,0.1904761904761905,0.6052612867487572,9,0,10,11
classical,xgboost,-,6,8,12,30,ok,,0.9,0.8968253968253967,0.8844672657252888,0.9014120667522465,0.95,0.9047619047619048,0.926829268292683,0.9708994708994709,0.9877324263038549,8,1,2,19
classical,logistic_regression,-,6,9,12,30,ok,,0.9,0.9285714285714286,0.8901098901098901,0.9032967032967034,1.0,0.8571428571428571,0.9230769230769231,1.0,1.0000000000000002,9,0,3,18
classical,svm_rbf,-,6,9,12,30,ok,,0.9,0.9285714285714286,0.8901098901098901,0.9032967032967034,1.0,0.8571428571428571,0.9230769230769231,1.0,1.0000000000000002,9,0,3,18
classical,xgboost,-,6,9,12,30,ok,,0.8666666666666667,0.9047619047619048,0.8564593301435407,0.8717703349282296,1.0,0.8095238095238095,0.8947368421052632,0.9391534391534391,0.9785714285714286,9,0,4,17
classical,logistic_regression,-,6,10,12,30,ok,,0.8333333333333334,0.8809523809523809,0.8237367802585194,0.8401880141010576,1.0,0.7619047619047619,0.8648648648648649,0.8941798941798942,0.963763575605681,9,0,5,16
classical,svm_rbf,-,6,10,12,30,ok,,1.0,1.0,1.0,1.0,1.0,1.0,1.0,1.0,1.0000000000000002,9,0,0,21
classical,xgboost,-,6,10,12,30,ok,,0.7333333333333333,0.6507936507936507,0.6590909090909092,0.7227272727272728,0.782608695652174,0.8571428571428571,0.8181818181818182,0.8835978835978836,0.953629253144666,4,5,3,18
classical,logistic_regression,-,7,1,14,28,ok,,0.8928571428571429,0.925,0.8805120910384068,0.8969721601300549,1.0,0.85,0.918918918918919,0.99375,0.9976190476190476,8,0,3,17
classical,svm_rbf,-,7,1,14,28,ok,,0.5357142857142857,0.675,0.5351213282247764,0.528005838350666,1.0,0.35,0.5185185185185185,0.9875,0.9951190476190477,8,0,13,7
classical,xgboost,-,7,1,14,28,ok,,0.6071428571428571,0.725,0.6066411238825031,0.6126619230067506,1.0,0.45,0.6206896551724138,0.925,0.9697274743230626,8,0,11,9
classical,logistic_regression,-,7,2,14,28,ok,,0.8571428571428571,0.9,0.8444444444444444,0.8634920634920634,1.0,0.8,0.8888888888888888,0.9625,0.9875,8,0,4,16
classical,svm_rbf,-,7,2,14,28,ok,,0.6785714285714286,0.775,0.6748387096774193,0.6897695852534563,1.0,0.55,0.7096774193548387,0.95,0.9769470858518847,8,0,9,11
classical,xgboost,-,7,2,14,28,ok,,0.7857142857142857,0.8125,0.7666666666666666,0.7952380952380952,0.9375,0.75,0.8333333333333334,0.96875,0.9869000933706816,7,1,5,15
classical,logistic_regression,-,7,3,14,28,ok,,0.8571428571428571,0.9,0.8444444444444444,0.8634920634920634,1.0,0.8,0.8888888888888888,0.9125,0.9717532467532467,8,0,4,16
classical,svm_rbf,-,7,3,14,28,ok,,0.8214285714285714,0.875,0.8095238095238095,0.8299319727891156,1.0,0.75,0.8571428571428571,1.0,1.0,8,0,5,15
classical,xgboost,-,7,3,14,28,ok,,0.7857142857142857,0.85,0.7754010695187166,0.7960275019098548,1.0,0.7,0.8235294117647058,1.0,1.0000000000000002,8,0,6,14
classical,logistic_regression,-,7,4,14,28,ok,,0.9285714285714286,0.95,0.9181286549707601,0.9306599832915622,1.0,0.9,0.9473684210526315,0.99375,0.9976190476190476,8,0,2,18
classical,svm_rbf,-,7,4,14,28,ok,,0.8928571428571429,0.925,0.8805120910384068,0.8969721601300549,1.0,0.85,0.918918918918919,0.99375,0.9976190476190476,8,0,3,17
classical,xgboost,-,7,4,14,28,ok,,0.8214285714285714,0.875,0.8095238095238095,0.8299319727891156,1.0,0.75,0.8571428571428571,0.9437499999999999,0.9802188552188553,8,0,5,15
classical,logistic_regression,-,7,5,14,28,ok,,1.0,1.0,1.0,1.0,1.0,1.0,1.0,1.0,1.0000000000000002,8,0,0,20
classical,svm_rbf,-,7,5,14,28,ok,,1.0,1.0,1.0,1.0,1.0,1.0,1.0,1.0,1.0,8,0,0,20
classical,xgboost,-,7,5,14,28,ok,,0.7857142857142857,0.85,0.7754010695187166,0.7960275019098548,1.0,0.7,0.8235294117647058,0.96875,0.9869047619047621,8,0,6,14
classical,logistic_regression,-,7,6,14,28,ok,,0.9285714285714286,0.95,0.9181286549707601,0.9306599832915622,1.0,0.9,0.9473684210526315,0.9875,0.9954545454545456,8,0,2,18
classical,svm_rbf,-,7,6,14,28,ok,,0.75,0.825,0.7417654808959157,0.761528326745718,1.0,0.65,0.7878787878787878,0.0,0.5259714112532796,8,0,7,13
classical,xgboost,-,7,6,14,28,ok,,0.8214285714285714,0.875,0.8095238095238095,0.8299319727891156,1.0,0.75,0.8571428571428571,0.9249999999999999,0.9614285714285714,8,0,5,15
classical,logistic_regression,-,7,7,14,28,ok,,0.8214285714285714,0.875,0.8095238095238095,0.8299319727891156,1.0,0.75,0.8571428571428571,0.99375,0.9976190476190477,8,0,5,15
classical,svm_rbf,-,7,7,14,28,ok,,0.75,0.825,0.7417654808959157,0.761528326745718,1.0,0.65,0.7878787878787878,1.0,1.0000000000000002,8,0,7,13
classical,xgboost,-,7,7,14,28,ok,,0.8928571428571429,0.925,0.8805120910384068,0.8969721601300549,1.0,0.85,0.918918918918919,0.9875,0.9934782608695651,8,0,3,17
classical,logistic_regression,-,7,8,14,28,ok,,0.9285714285714286,0.95,0.9181286549707601,0.9306599832915622,1.0,0.9,0.9473684210526315,1.0,1.0,8,0,2,18
classical,svm_rbf,-,7,8,14,28,ok,,0.4642857142857143,0.625,0.45806451612903226,0.43317972350230416,1.0,0.25,0.4,1.0,1.0,8,0,15,5
classical,xgboost,-,7,8,14,28,ok,,0.5,0.5,0.47593582887700536,0.5240641711229947,0.7142857142857143,0.5,0.5882352941176471,0.540625,0.7213686885010414,4,4,10,10
classical,logistic_regression,-,7,9,14,28,ok,,0.8571428571428571,0.9,0.8444444444444444,0.8634920634920634,1.0,0.8,0.8888888888888888,0.975,0.9906926406926408,8,0,4,16
classical,svm_rbf,-,7,9,14,28,ok,,0.5,0.65,0.49743589743589745,0.4820512820512821,1.0,0.3,0.46153846153846156,0.08125,0.5365030287585812,8,0,14,6
classical,xgboost,-,7,9,14,28,ok,,0.9285714285714286,0.95,0.9181286549707601,0.9306599832915622,1.0,0.9,0.9473684210526315,0.975,0.9909782608695653,8,0,2,18
classical,logistic_regression,-,7,10,14,28,ok,,0.8571428571428571,0.9,0.8444444444444444,0.8634920634920634,1.0,0.8,0.8888888888888888,0.99375,0.9976190476190476,8,0,4,16
classical,svm_rbf,-,7,10,14,28,ok,,0.6071428571428571,0.725,0.6066411238825031,0.6126619230067506,1.0,0.45,0.6206896551724138,0.00625,0.518276075543238,8,0,11,9
classical,xgboost,-,7,10,14,28,ok,,0.8571428571428571,0.9,0.8444444444444444,0.8634920634920634,1.0,0.8,0.8888888888888888,0.990625,0.9954545454545455,8,0,4,16
classical,logistic_regression,-,8,1,16,26,ok,,0.9230769230769231,0.9473684210526316,0.9097222222222222,0.9257478632478632,1.0,0.8947368421052632,0.9444444444444444,1.0,1.0,7,0,2,17
classical,svm_rbf,-,8,1,16,26,ok,,0.8461538461538461,0.8947368421052632,0.8300653594771241,0.8541980894922071,1.0,0.7894736842105263,0.8823529411764706,1.0,0.9999999999999996,7,0,4,15
classical,xgboost,-,8,1,16,26,ok,,0.8846153846153846,0.9210526315789473,0.8689075630252101,0.8898513251454427,1.0,0.8421052631578947,0.9142857142857143,0.9323308270676691,0.9743883119169161,7,0,3,16
classical,logistic_regression,-,8,2,16,26,ok,,0.6153846153846154,0.7368421052631579,0.6130952380952381,0.6268315018315019,1.0,0.47368421052631576,0.6428571428571429,0.8270676691729324,0.9368687408447134,7,0,10,9
classical,svm_rbf,-,8,2,16,26,ok,,0.6153846153846154,0.7368421052631579,0.6130952380952381,0.6268315018315019,1.0,0.47368421052631576,0.6428571428571429,0.9022556390977443,0.9581003576746612,7,0,10,9
classical,xgboost,-,8,2,16,26,ok,,0.8076923076923077,0.868421052631579,0.7926634768740032,0.8184271868482396,1.0,0.7368421052631579,0.8484848484848485,0.9624060150375939,0.9868003341687552,7,0,5,14
classical,logistic_regression,-,8,3,16,26,ok,,0.9615384615384616,0.9736842105263157,0.9531531531531532,0.9623007623007624,1.0,0.9473684210526315,0.972972972972973,1.0,1.0,7,0,1,18
classical,svm_rbf,-,8,3,16,26,ok,,0.9615384615384616,0.9736842105263157,0.9531531531531532,0.9623007623007624,1.0,0.9473684210526315,0.972972972972973,0.9924812030075189,0.9973684210526316,7,0,1,18
classical,xgboost,-,8,3,16,26,ok,,0.9230769230769231,0.9473684210526316,0.9097222222222222,0.9257478632478632,1.0,0.8947368421052632,0.9444444444444444,1.0,0.9999999999999998,7,0,2,17
classical,logistic_regression,-,8,4,16,26,ok,,1.0,1.0,1.0,1.0,1.0,1.0,1.0,1.0,1.0,7,0,0,19
classical,svm_rbf,-,8,4,16,26,ok,,0.8846153846153846,0.9210526315789473,0.8689075630252101,0.8898513251454427,1.0,0.8421052631578947,0.9142857142857143,1.0,0.9999999999999998,7,0,3,16
classical,xgboost,-,8,4,16,26,ok,,0.9615384615384616,0.9285714285714286,0.9487179487179487,0.9605522682445758,0.95,1.0,0.9743589743589743,0.9924812030075189,0.9973684210526316,6,1,0,19
classical,logistic_regression,-,8,5,16,26,ok,,0.8461538461538461,0.8947368421052632,0.8300653594771241,0.8541980894922071,1.0,0.7894736842105263,0.8823529411764706,0.9473684210526315,0.9833410280086181,7,0,4,15
classical,svm_rbf,-,8,5,16,26,ok,,0.6538461538461539,0.763157894736842,0.6491754122938531,0.6678583785030562,1.0,0.5263157894736842,0.6896551724137931,0.9774436090225564,0.992217385569186,7,0,9,10
classical,xgboost,-,8,5,16,26,ok,,0.5769230769230769,0.7105263157894737,0.5762962962962963,0.5838176638176639,1.0,0.42105263157894735,0.5925925925925926,0.9774436090225564,0.9908466819221969,7,0,11,8
classical,logistic_regression,-,8,6,16,26,ok,,0.8461538461538461,0.8947368421052632,0.8300653594771241,0.8541980894922071,1.0,0.7894736842105263,0.8823529411764706,0.9172932330827068,0.9762605815237393,7,0,4,15
classical,svm_rbf,-,8,6,16,26,ok,,0.9615384615384616,0.9285714285714286,0.9487179487179487,0.9605522682445758,0.95,1.0,0.9743589743589743,0.9849624060150375,0.9945983379501382,6,1,0,19
classical,xgboost,-,8,6,16,26,ok,,0.7307692307692307,0.7706766917293233,0.7097288676236044,0.7457980615875351,0.9285714285714286,0.6842105263157895,0.7878787878787878,0.9022556390977444,0.959343999337074,6,1,6,13
classical,logistic_regression,-,8,7,16,26,ok,,0.9615384615384616,0.9736842105263157,0.9531531531531532,0.9623007623007624,1.0,0.9473684210526315,0.972972972972973,1.0,1.0,7,0,1,18
classical,svm_rbf,-,8,7,16,26,ok,,0.8846153846153846,0.9210526315789473,0.8689075630252101,0.8898513251454427,1.0,0.8421052631578947,0.9142857142857143,1.0,0.9999999999999998,7,0,3,16
classical,xgboost,-,8,7,16,26,ok,,0.9230769230769231,0.9473684210526316,0.9097222222222222,0.9257478632478632,1.0,0.8947368421052632,0.9444444444444444,1.0,0.9999999999999998,7,0,2,17
classical,logistic_regression,-,8,8,16,26,ok,,1.0,1.0,1.0,1.0,1.0,1.0,1.0,1.0,1.0,7,0,0,19
classical,svm_rbf,-,8,8,16,26,ok,,0.6538461538461539,0.763157894736842,0.6491754122938531,0.6678583785030562,1.0,0.5263157894736842,0.6896551724137931,0.007518796992481205,0.5379080243518504,7,0,9,10
classical,xgboost,-,8,8,16,26,ok,,0.8846153846153846,0.9210526315789473,0.8689075630252101,0.8898513251454427,1.0,0.8421052631578947,0.9142857142857143,0.981203007518797,0.9928229665071768,7,0,3,16
classical,logistic_regression,-,8,9,16,26,ok,,0.8846153846153846,0.9210526315789473,0.8689075630252101,0.8898513251454427,1.0,0.8421052631578947,0.9142857142857143,1.0,1.0,7,0,3,16
classical,svm_rbf,-,8,9,16,26,ok,,0.8076923076923077,0.868421052631579,0.7926634768740032,0.8184271868482396,1.0,0.7368421052631579,0.8484848484848485,0.0,0.5428280355412115,7,0,5,14
classical,xgboost,-,8,9,16,26,ok,,0.9230769230769231,0.9473684210526316,0.9097222222222222,0.9257478632478632,1.0,0.8947368421052632,0.9444444444444444,0.9586466165413533,0.9862650046168052,7,0,2,17
classical,logistic_regression,-,8,10,16,26,ok,,0.9230769230769231,0.9473684210526316,0.9097222222222222,0.9257478632478632,1.0,0.8947368421052632,0.9444444444444444,1.0,1.0,7,0,2,17
classical,svm_rbf,-,8,10,16,26,ok,,0.8461538461538461,0.8947368421052632,0.8300653594771241,0.8541980894922071,1.0,0.7894736842105263,0.8823529411764706,1.0,1.0,7,0,4,15
classical,xgboost,-,8,10,16,26,ok,,0.7307692307692307,0.8157894736842105,0.7204301075268817,0.7452440033085194,1.0,0.631578947368421,0.7741935483870968,0.9548872180451128,0.9862650046168051,7,0,7,12
classical,logistic_regression,-,9,1,18,24,ok,,0.875,0.9166666666666667,0.8545454545454545,0.8818181818181818,1.0,0.8333333333333334,0.9090909090909091,0.9814814814814815,0.9939896036387266,6,0,3,15
classical,svm_rbf,-,9,1,18,24,ok,,0.75,0.8333333333333333,0.7333333333333334,0.7666666666666666,1.0,0.6666666666666666,0.8,1.0,1.0000000000000002,6,0,6,12
classical,xgboost,-,9,1,18,24,ok,,0.8333333333333334,0.8888888888888888,0.8125,0.84375,1.0,0.7777777777777778,0.875,0.9398148148148148,0.9815683117047143,6,0,4,14
classical,logistic_regression,-,9,2,18,24,ok,,0.875,0.9166666666666667,0.8545454545454545,0.8818181818181818,1.0,0.8333333333333334,0.9090909090909091,0.9907407407407407,0.9970760233918128,6,0,3,15
classical,svm_rbf,-,9,2,18,24,ok,,0.75,0.8333333333333333,0.7333333333333334,0.7666666666666666,1.0,0.6666666666666666,0.8,1.0,1.0,6,0,6,12
classical,xgboost,-,9,2,18,24,ok,,0.9166666666666666,0.9444444444444444,0.8991596638655461,0.9201680672268907,1.0,0.8888888888888888,0.9411764705882353,0.9629629629629629,0.9879227053140096,6,0,2,16
classical,logistic_regression,-,9,3,18,24,ok,,0.9166666666666666,0.9444444444444444,0.8991596638655461,0.9201680672268907,1.0,0.8888888888888888,0.9411764705882353,0.9722222222222222,0.9920634920634923,6,0,2,16
classical,svm_rbf,-,9,3,18,24,ok,,0.6666666666666666,0.7777777777777778,0.6571428571428571,0.6857142857142856,1.0,0.5555555555555556,0.7142857142857143,1.0,1.0000000000000002,6,0,8,10
classical,xgboost,-,9,3,18,24,ok,,0.9583333333333334,0.9722222222222222,0.9472527472527472,0.9593406593406592,1.0,0.9444444444444444,0.9714285714285714,1.0,1.0000000000000002,6,0,1,17
classical,logistic_regression,-,9,4,18,24,ok,,0.875,0.8611111111111112,0.8417582417582418,0.878021978021978,0.9411764705882353,0.8888888888888888,0.9142857142857143,0.8981481481481481,0.9606112796063778,5,1,2,16
classical,svm_rbf,-,9,4,18,24,ok,,0.75,0.7777777777777778,0.71875,0.765625,0.9285714285714286,0.7222222222222222,0.8125,0.9166666666666667,0.9680427370378352,5,1,5,13
classical,xgboost,-,9,4,18,24,ok,,0.7916666666666666,0.8055555555555556,0.7575757575757576,0.8030303030303031,0.9333333333333333,0.7777777777777778,0.8484848484848485,0.888888888888889,0.9478121472897016,5,1,4,14
classical,logistic_regression,-,9,5,18,24,ok,,0.9583333333333334,0.9722222222222222,0.9472527472527472,0.9593406593406592,1.0,0.9444444444444444,0.9714285714285714,1.0,1.0000000000000002,6,0,1,17
classical,svm_rbf,-,9,5,18,24,ok,,0.8333333333333334,0.8888888888888888,0.8125,0.84375,1.0,0.7777777777777778,0.875,1.0,1.0000000000000002,6,0,4,14
classical,xgboost,-,9,5,18,24,ok,,0.9166666666666666,0.9444444444444444,0.8991596638655461,0.9201680672268907,1.0,0.8888888888888888,0.9411764705882353,0.9537037037037037,0.9861111111111113,6,0,2,16
classical,logistic_regression,-,9,6,18,24,ok,,0.875,0.9166666666666667,0.8545454545454545,0.8818181818181818,1.0,0.8333333333333334,0.9090909090909091,1.0,1.0,6,0,3,15
classical,svm_rbf,-,9,6,18,24,ok,,0.7916666666666666,0.8611111111111112,0.7722960151802657,0.8055028462998103,1.0,0.7222222222222222,0.8387096774193549,1.0,1.0,6,0,5,13
classical,xgboost,-,9,6,18,24,ok,,0.875,0.9166666666666667,0.8545454545454545,0.8818181818181818,1.0,0.8333333333333334,0.9090909090909091,0.9583333333333334,0.9862155388471177,6,0,3,15
classical,logistic_regression,-,9,7,18,24,ok,,0.875,0.9166666666666667,0.8545454545454545,0.8818181818181818,1.0,0.8333333333333334,0.9090909090909091,0.9814814814814815,0.9939896036387265,6,0,3,15
classical,svm_rbf,-,9,7,18,24,ok,,0.6666666666666666,0.7777777777777778,0.6571428571428571,0.6857142857142856,1.0,0.5555555555555556,0.7142857142857143,0.9907407407407407,0.997076023391813,6,0,8,10
classical,xgboost,-,9,7,18,24,ok,,0.9166666666666666,0.9444444444444444,0.8991596638655461,0.9201680672268907,1.0,0.8888888888888888,0.9411764705882353,0.9907407407407408,0.9970760233918129,6,0,2,16
classical,logistic_regression,-,9,8,18,24,ok,,0.9166666666666666,0.9444444444444444,0.8991596638655461,0.9201680672268907,1.0,0.8888888888888888,0.9411764705882353,0.9444444444444444,0.9861111111111112,6,0,2,16
classical,svm_rbf,-,9,8,18,24,ok,,0.9166666666666666,0.9444444444444444,0.8991596638655461,0.9201680672268907,1.0,0.8888888888888888,0.9411764705882353,0.5,0.75,6,0,2,16
classical,xgboost,-,9,8,18,24,ok,,0.9166666666666666,0.9444444444444444,0.8991596638655461,0.9201680672268907,1.0,0.8888888888888888,0.9411764705882353,0.9444444444444444,0.9848362855609233,6,0,2,16
classical,logistic_regression,-,9,9,18,24,ok,,1.0,1.0,1.0,1.0,1.0,1.0,1.0,1.0,1.0,6,0,0,18
classical,svm_rbf,-,9,9,18,24,ok,,0.9583333333333334,0.9722222222222222,0.9472527472527472,0.9593406593406592,1.0,0.9444444444444444,0.9714285714285714,1.0,1.0,6,0,1,17
classical,xgboost,-,9,9,18,24,ok,,0.8333333333333334,0.8888888888888888,0.8125,0.84375,1.0,0.7777777777777778,0.875,0.9537037037037037,0.9861111111111113,6,0,4,14
classical,logistic_regression,-,9,10,18,24,ok,,1.0,1.0,1.0,1.0,1.0,1.0,1.0,1.0,1.0000000000000002,6,0,0,18
classical,svm_rbf,-,9,10,18,24,ok,,0.875,0.9166666666666667,0.8545454545454545,0.8818181818181818,1.0,0.8333333333333334,0.9090909090909091,1.0,1.0000000000000002,6,0,3,15
classical,xgboost,-,9,10,18,24,ok,,0.9166666666666666,0.9444444444444444,0.8991596638655461,0.9201680672268907,1.0,0.8888888888888888,0.9411764705882353,0.9768518518518519,0.991358024691358,6,0,2,16
classical,logistic_regression,-,10,1,20,22,ok,,1.0,1.0,1.0,1.0,1.0,1.0,1.0,1.0,1.0,5,0,0,17
classical,svm_rbf,-,10,1,20,22,ok,,0.6363636363636364,0.7647058823529411,0.6239316239316239,0.6612276612276612,1.0,0.5294117647058824,0.6923076923076923,1.0,1.0,5,0,8,9
classical,xgboost,-,10,1,20,22,ok,,0.9090909090909091,0.9411764705882353,0.8854166666666667,0.9138257575757577,1.0,0.8823529411764706,0.9375,0.9176470588235295,0.9732620320855615,5,0,2,15
classical,logistic_regression,-,10,2,20,22,ok,,0.9090909090909091,0.9411764705882353,0.8854166666666667,0.9138257575757577,1.0,0.8823529411764706,0.9375,1.0,1.0,5,0,2,15
classical,svm_rbf,-,10,2,20,22,ok,,0.8181818181818182,0.8823529411764706,0.7904761904761906,0.8320346320346321,1.0,0.7647058823529411,0.8666666666666667,1.0,1.0,5,0,4,13
classical,xgboost,-,10,2,20,22,ok,,0.6363636363636364,0.7647058823529411,0.6239316239316239,0.6612276612276612,1.0,0.5294117647058824,0.6923076923076923,0.9058823529411764,0.9753391552699511,5,0,8,9
classical,logistic_regression,-,10,3,20,22,ok,,0.9545454545454546,0.9705882352941176,0.9393939393939394,0.9559228650137741,1.0,0.9411764705882353,0.9696969696969697,1.0,1.0,5,0,1,16
classical,svm_rbf,-,10,3,20,22,ok,,0.8181818181818182,0.8823529411764706,0.7904761904761906,0.8320346320346321,1.0,0.7647058823529411,0.8666666666666667,1.0,1.0,5,0,4,13
classical,xgboost,-,10,3,20,22,ok,,0.9545454545454546,0.9705882352941176,0.9393939393939394,0.9559228650137741,1.0,0.9411764705882353,0.9696969696969697,0.9764705882352941,0.9938080495356038,5,0,1,16
classical,logistic_regression,-,10,4,20,22,ok,,0.9545454545454546,0.9705882352941176,0.9393939393939394,0.9559228650137741,1.0,0.9411764705882353,0.9696969696969697,1.0,1.0,5,0,1,16
classical,svm_rbf,-,10,4,20,22,ok,,0.7727272727272727,0.8529411764705883,0.7471264367816092,0.7910135841170324,1.0,0.7058823529411765,0.8275862068965517,1.0,1.0,5,0,5,12
classical,xgboost,-,10,4,20,22,ok,,0.8181818181818182,0.8823529411764706,0.7904761904761906,0.8320346320346321,1.0,0.7647058823529411,0.8666666666666667,0.9176470588235295,0.9800950683303624,5,0,4,13
classical,logistic_regression,-,10,5,20,22,ok,,0.8636363636363636,0.9117647058823529,0.8362282878411911,0.8727723889014211,1.0,0.8235294117647058,0.9032258064516129,0.9764705882352942,0.9932718185313342,5,0,3,14
classical,svm_rbf,-,10,5,20,22,ok,,0.6363636363636364,0.7647058823529411,0.6239316239316239,0.6612276612276612,1.0,0.5294117647058824,0.6923076923076923,0.9764705882352942,0.9932718185313342,5,0,8,9
classical,xgboost,-,10,5,20,22,ok,,0.5454545454545454,0.6352941176470588,0.5299145299145299,0.5765345765345766,0.8888888888888888,0.47058823529411764,0.6153846153846154,0.8529411764705881,0.9455965362972283,4,1,9,8
classical,logistic_regression,-,10,6,20,22,ok,,0.9090909090909091,0.9411764705882353,0.8854166666666667,0.9138257575757577,1.0,0.8823529411764706,0.9375,1.0,1.0,5,0,2,15
classical,svm_rbf,-,10,6,20,22,ok,,0.8636363636363636,0.9117647058823529,0.8362282878411911,0.8727723889014211,1.0,0.8235294117647058,0.9032258064516129,1.0,1.0,5,0,3,14
classical,xgboost,-,10,6,20,22,ok,,0.8636363636363636,0.9117647058823529,0.8362282878411911,0.8727723889014211,1.0,0.8235294117647058,0.9032258064516129,0.9352941176470588,0.9800950683303624,5,0,3,14
classical,logistic_regression,-,10,7,20,22,ok,,0.8181818181818182,0.8823529411764706,0.7904761904761906,0.8320346320346321,1.0,0.7647058823529411,0.8666666666666667,0.9294117647058824,0.9816588400065909,5,0,4,13
classical,svm_rbf,-,10,7,20,22,ok,,0.9545454545454546,0.9705882352941176,0.9393939393939394,0.9559228650137741,1.0,0.9411764705882353,0.9696969696969697,0.9882352941176471,0.9967320261437909,5,0,1,16
classical,xgboost,-,10,7,20,22,ok,,0.5454545454545454,0.6352941176470588,0.5299145299145299,0.5765345765345766,0.8888888888888888,0.47058823529411764,0.6153846153846154,0.8941176470588236,0.9614772002315255,4,1,9,8
classical,logistic_regression,-,10,8,20,22,ok,,0.9090909090909091,0.8705882352941177,0.8705882352941177,0.9090909090909091,0.9411764705882353,0.9411764705882353,0.9411764705882353,0.9764705882352942,0.9932718185313342,4,1,1,16
classical,svm_rbf,-,10,8,20,22,ok,,0.8636363636363636,0.9117647058823529,0.8362282878411911,0.8727723889014211,1.0,0.8235294117647058,0.9032258064516129,0.9764705882352942,0.9932718185313342,5,0,3,14
classical,xgboost,-,10,8,20,22,ok,,0.8636363636363636,0.9117647058823529,0.8362282878411911,0.8727723889014211,1.0,0.8235294117647058,0.9032258064516129,0.9529411764705883,0.983170808430324,5,0,3,14
classical,logistic_regression,-,10,9,20,22,ok,,0.8636363636363636,0.9117647058823529,0.8362282878411911,0.8727723889014211,1.0,0.8235294117647058,0.9032258064516129,1.0,1.0,5,0,3,14
classical,svm_rbf,-,10,9,20,22,ok,,0.7727272727272727,0.8529411764705883,0.7471264367816092,0.7910135841170324,1.0,0.7058823529411765,0.8275862068965517,1.0,1.0,5,0,5,12
classical,xgboost,-,10,9,20,22,ok,,0.8636363636363636,0.9117647058823529,0.8362282878411911,0.8727723889014211,1.0,0.8235294117647058,0.9032258064516129,0.9529411764705882,0.9877162629757786,5,0,3,14
classical,logistic_regression,-,10,10,20,22,ok,,1.0,1.0,1.0,1.0,1.0,1.0,1.0,1.0,1.0,5,0,0,17
classical,svm_rbf,-,10,10,20,22,ok,,0.8181818181818182,0.8823529411764706,0.7904761904761906,0.8320346320346321,1.0,0.7647058823529411,0.8666666666666667,1.0,1.0,5,0,4,13
classical,xgboost,-,10,10,20,22,ok,,0.8636363636363636,0.7705882352941176,0.7904761904761904,0.858008658008658,0.8888888888888888,0.9411764705882353,0.9142857142857143,0.9764705882352941,0.9938080495356036,3,2,1,16
classical,logistic_regression,-,11,1,22,20,ok,,0.95,0.96875,0.9283154121863799,0.9519713261648747,1.0,0.9375,0.967741935483871,1.0,1.0,4,0,1,15
classical,svm_rbf,-,11,1,22,20,ok,,0.6,0.75,0.5833333333333333,0.6333333333333333,1.0,0.5,0.6666666666666666,1.0,1.0,4,0,8,8
classical,xgboost,-,11,1,22,20,ok,,0.7,0.8125,0.6703296703296704,0.7296703296703297,1.0,0.625,0.7692307692307693,1.0,1.0,4,0,6,10
classical,logistic_regression,-,11,2,22,20,ok,,1.0,1.0,1.0,1.0,1.0,1.0,1.0,1.0,1.0,4,0,0,16
classical,svm_rbf,-,11,2,22,20,ok,,0.95,0.96875,0.9283154121863799,0.9519713261648747,1.0,0.9375,0.967741935483871,1.0,1.0,4,0,1,15
classical,xgboost,-,11,2,22,20,ok,,1.0,1.0,1.0,1.0,1.0,1.0,1.0,1.0,1.0,4,0,0,16
classical,logistic_regression,-,11,3,22,20,ok,,0.95,0.96875,0.9283154121863799,0.9519713261648747,1.0,0.9375,0.967741935483871,1.0,1.0,4,0,1,15
classical,svm_rbf,-,11,3,22,20,ok,,0.95,0.96875,0.9283154121863799,0.9519713261648747,1.0,0.9375,0.967741935483871,1.0,1.0,4,0,1,15
classical,xgboost,-,11,3,22,20,ok,,0.85,0.90625,0.8119122257053292,0.8626959247648903,1.0,0.8125,0.896551724137931,0.921875,0.975,4,0,3,13
classical,logistic_regression,-,11,4,22,20,ok,,1.0,1.0,1.0,1.0,1.0,1.0,1.0,1.0,1.0,4,0,0,16
classical,svm_rbf,-,11,4,22,20,ok,,0.8,0.875,0.7619047619047619,0.819047619047619,1.0,0.75,0.8571428571428571,1.0,1.0,4,0,4,12
classical,xgboost,-,11,4,22,20,ok,,0.75,0.75,0.6865203761755485,0.7711598746081505,0.9230769230769231,0.75,0.8275862068965517,0.9375,0.984046743697479,3,1,4,12
classical,logistic_regression,-,11,5,22,20,ok,,0.95,0.96875,0.9283154121863799,0.9519713261648747,1.0,0.9375,0.967741935483871,0.9375,0.9875,4,0,1,15
classical,svm_rbf,-,11,5,22,20,ok,,0.95,0.96875,0.9283154121863799,0.9519713261648747,1.0,0.9375,0.967741935483871,1.0,1.0,4,0,1,15
classical,xgboost,-,11,5,22,20,ok,,0.8,0.875,0.7619047619047619,0.819047619047619,1.0,0.75,0.8571428571428571,0.96875,0.9926470588235294,4,0,4,12
classical,logistic_regression,-,11,6,22,20,ok,,0.95,0.96875,0.9283154121863799,0.9519713261648747,1.0,0.9375,0.967741935483871,1.0,1.0,4,0,1,15
classical,svm_rbf,-,11,6,22,20,ok,,0.8,0.875,0.7619047619047619,0.819047619047619,1.0,0.75,0.8571428571428571,1.0,1.0,4,0,4,12
classical,xgboost,-,11,6,22,20,ok,,0.85,0.90625,0.8119122257053292,0.8626959247648903,1.0,0.8125,0.896551724137931,0.921875,0.9801470588235295,4,0,3,13
classical,logistic_regression,-,11,7,22,20,ok,,0.95,0.875,0.9134199134199135,0.9471861471861471,0.9411764705882353,1.0,0.9696969696969697,1.0,1.0,3,1,0,16
classical,svm_rbf,-,11,7,22,20,ok,,0.95,0.96875,0.9283154121863799,0.9519713261648747,1.0,0.9375,0.967741935483871,1.0,1.0,4,0,1,15
classical,xgboost,-,11,7,22,20,ok,,0.75,0.75,0.6865203761755485,0.7711598746081505,0.9230769230769231,0.75,0.8275862068965517,0.921875,0.9805183531746031,3,1,4,12
classical,logistic_regression,-,11,8,22,20,ok,,0.9,0.9375,0.8666666666666667,0.9066666666666666,1.0,0.875,0.9333333333333333,0.953125,0.9891493055555556,4,0,2,14
classical,svm_rbf,-,11,8,22,20,ok,,0.85,0.90625,0.8119122257053292,0.8626959247648903,1.0,0.8125,0.896551724137931,0.96875,0.9924172794117647,4,0,3,13
classical,xgboost,-,11,8,22,20,ok,,0.85,0.8125,0.7849462365591398,0.8559139784946236,0.9333333333333333,0.875,0.9032258064516129,0.96875,0.9924172794117647,3,1,2,14
classical,logistic_regression,-,11,9,22,20,ok,,0.85,0.90625,0.8119122257053292,0.8626959247648903,1.0,0.8125,0.896551724137931,1.0,1.0,4,0,3,13
classical,svm_rbf,-,11,9,22,20,ok,,0.95,0.96875,0.9283154121863799,0.9519713261648747,1.0,0.9375,0.967741935483871,1.0,1.0,4,0,1,15
classical,xgboost,-,11,9,22,20,ok,,0.95,0.96875,0.9283154121863799,0.9519713261648747,1.0,0.9375,0.967741935483871,0.984375,0.9963235294117647,4,0,1,15
classical,logistic_regression,-,11,10,22,20,ok,,0.95,0.96875,0.9283154121863799,0.9519713261648747,1.0,0.9375,0.967741935483871,0.984375,0.9963235294117647,4,0,1,15
classical,svm_rbf,-,11,10,22,20,ok,,0.95,0.875,0.9134199134199135,0.9471861471861471,0.9411764705882353,1.0,0.9696969696969697,0.953125,0.9882506127450981,3,1,0,16
classical,xgboost,-,11,10,22,20,ok,,0.8,0.78125,0.7333333333333334,0.8133333333333332,0.9285714285714286,0.8125,0.8666666666666667,0.875,0.9648205093517594,3,1,3,13
classical,logistic_regression,-,12,1,24,18,ok,,1.0,1.0,1.0,1.0,1.0,1.0,1.0,1.0,1.0,3,0,0,15
classical,svm_rbf,-,12,1,24,18,ok,,0.8888888888888888,0.9333333333333333,0.8392857142857143,0.898809523809524,1.0,0.8666666666666667,0.9285714285714286,1.0,1.0,3,0,2,13
classical,xgboost,-,12,1,24,18,ok,,0.8888888888888888,0.9333333333333333,0.8392857142857143,0.898809523809524,1.0,0.8666666666666667,0.9285714285714286,0.9111111111111112,0.9777777777777779,3,0,2,13
classical,logistic_regression,-,12,2,24,18,ok,,0.9444444444444444,0.9666666666666667,0.9113300492610837,0.9474548440065682,1.0,0.9333333333333333,0.9655172413793104,0.9333333333333333,0.9888888888888889,3,0,1,14
classical,svm_rbf,-,12,2,24,18,ok,,0.9444444444444444,0.9666666666666667,0.9113300492610837,0.9474548440065682,1.0,0.9333333333333333,0.9655172413793104,1.0,1.0,3,0,1,14
classical,xgboost,-,12,2,24,18,ok,,0.9444444444444444,0.9666666666666667,0.9113300492610837,0.9474548440065682,1.0,0.9333333333333333,0.9655172413793104,0.9777777777777779,0.9958333333333333,3,0,1,14
classical,logistic_regression,-,12,3,24,18,ok,,0.9444444444444444,0.9666666666666667,0.9113300492610837,0.9474548440065682,1.0,0.9333333333333333,0.9655172413793104,1.0,1.0,3,0,1,14
classical,svm_rbf,-,12,3,24,18,ok,,0.8888888888888888,0.9333333333333333,0.8392857142857143,0.898809523809524,1.0,0.8666666666666667,0.9285714285714286,1.0,1.0,3,0,2,13
classical,xgboost,-,12,3,24,18,ok,,0.6666666666666666,0.8,0.625,0.7083333333333334,1.0,0.6,0.75,0.9111111111111112,0.9777777777777777,3,0,6,9
classical,logistic_regression,-,12,4,24,18,ok,,1.0,1.0,1.0,1.0,1.0,1.0,1.0,1.0,1.0,3,0,0,15
classical,svm_rbf,-,12,4,24,18,ok,,0.6111111111111112,0.7666666666666666,0.5785953177257526,0.6566332218506132,1.0,0.5333333333333333,0.6956521739130435,1.0,1.0,3,0,7,8
classical,xgboost,-,12,4,24,18,ok,,0.8888888888888888,0.9333333333333333,0.8392857142857143,0.898809523809524,1.0,0.8666666666666667,0.9285714285714286,0.9555555555555556,0.9913888888888889,3,0,2,13
classical,logistic_regression,-,12,5,24,18,ok,,0.9444444444444444,0.9666666666666667,0.9113300492610837,0.9474548440065682,1.0,0.9333333333333333,0.9655172413793104,1.0,1.0,3,0,1,14
classical,svm_rbf,-,12,5,24,18,ok,,1.0,1.0,1.0,1.0,1.0,1.0,1.0,1.0,1.0,3,0,0,15
classical,xgboost,-,12,5,24,18,ok,,0.8888888888888888,0.9333333333333333,0.8392857142857143,0.898809523809524,1.0,0.8666666666666667,0.9285714285714286,0.9666666666666667,0.9888888888888889,3,0,2,13
classical,logistic_regression,-,12,6,24,18,ok,,1.0,1.0,1.0,1.0,1.0,1.0,1.0,1.0,1.0,3,0,0,15
classical,svm_rbf,-,12,6,24,18,ok,,0.8888888888888888,0.9333333333333333,0.8392857142857143,0.898809523809524,1.0,0.8666666666666667,0.9285714285714286,1.0,1.0,3,0,2,13
classical,xgboost,-,12,6,24,18,ok,,0.8888888888888888,0.9333333333333333,0.8392857142857143,0.898809523809524,1.0,0.8666666666666667,0.9285714285714286,1.0,1.0,3,0,2,13
classical,logistic_regression,-,12,7,24,18,ok,,0.8888888888888888,0.9333333333333333,0.8392857142857143,0.898809523809524,1.0,0.8666666666666667,0.9285714285714286,1.0,1.0,3,0,2,13
classical,svm_rbf,-,12,7,24,18,ok,,0.7777777777777778,0.8666666666666667,0.7230769230769231,0.805128205128205,1.0,0.7333333333333333,0.8461538461538461,1.0,1.0,3,0,4,11
classical,xgboost,-,12,7,24,18,ok,,0.8888888888888888,0.9333333333333333,0.8392857142857143,0.898809523809524,1.0,0.8666666666666667,0.9285714285714286,0.8888888888888888,0.9777777777777777,3,0,2,13
classical,logistic_regression,-,12,8,24,18,ok,,1.0,1.0,1.0,1.0,1.0,1.0,1.0,1.0,1.0,3,0,0,15
classical,svm_rbf,-,12,8,24,18,ok,,0.8333333333333334,0.9,0.7777777777777777,0.8518518518518517,1.0,0.8,0.8888888888888888,1.0,1.0,3,0,3,12
classical,xgboost,-,12,8,24,18,ok,,0.9444444444444444,0.9666666666666667,0.9113300492610837,0.9474548440065682,1.0,0.9333333333333333,0.9655172413793104,0.9333333333333333,0.9888888888888888,3,0,1,14
classical,logistic_regression,-,12,9,24,18,ok,,0.9444444444444444,0.9666666666666667,0.9113300492610837,0.9474548440065682,1.0,0.9333333333333333,0.9655172413793104,1.0,1.0,3,0,1,14
classical,svm_rbf,-,12,9,24,18,ok,,0.8333333333333334,0.9,0.7777777777777777,0.8518518518518517,1.0,0.8,0.8888888888888888,1.0,1.0,3,0,3,12
classical,xgboost,-,12,9,24,18,ok,,0.7222222222222222,0.8333333333333333,0.6727272727272727,0.7575757575757576,1.0,0.6666666666666666,0.8,0.9555555555555556,0.9916666666666667,3,0,5,10
classical,logistic_regression,-,12,10,24,18,ok,,0.9444444444444444,0.9666666666666667,0.9113300492610837,0.9474548440065682,1.0,0.9333333333333333,0.9655172413793104,1.0,1.0,3,0,1,14
classical,svm_rbf,-,12,10,24,18,ok,,0.9444444444444444,0.9666666666666667,0.9113300492610837,0.9474548440065682,1.0,0.9333333333333333,0.9655172413793104,1.0,1.0,3,0,1,14
classical,xgboost,-,12,10,24,18,ok,,0.7222222222222222,0.8333333333333333,0.6727272727272727,0.7575757575757576,1.0,0.6666666666666666,0.8,0.9111111111111112,0.98,3,0,5,10
classical,logistic_regression,-,13,1,26,16,ok,,0.9375,0.9642857142857143,0.8814814814814815,0.9425925925925925,1.0,0.9285714285714286,0.9629629629629629,1.0,1.0,2,0,1,13
classical,svm_rbf,-,13,1,26,16,ok,,0.75,0.8571428571428572,0.6666666666666667,0.7916666666666667,1.0,0.7142857142857143,0.8333333333333334,1.0,1.0,2,0,4,10
classical,xgboost,-,13,1,26,16,ok,,0.8125,0.8928571428571428,0.7257142857142858,0.8414285714285714,1.0,0.7857142857142857,0.88,1.0,0.9999999999999998,2,0,3,11
classical,logistic_regression,-,13,2,26,16,ok,,1.0,1.0,1.0,1.0,1.0,1.0,1.0,1.0,1.0,2,0,0,14
classical,svm_rbf,-,13,2,26,16,ok,,0.9375,0.9642857142857143,0.8814814814814815,0.9425925925925925,1.0,0.9285714285714286,0.9629629629629629,1.0,1.0,2,0,1,13
classical,xgboost,-,13,2,26,16,ok,,0.6875,0.8214285714285714,0.6135265700483092,0.7403381642512078,1.0,0.6428571428571429,0.782608695652174,0.9285714285714286,0.9821428571428572,2,0,5,9
classical,logistic_regression,-,13,3,26,16,ok,,0.9375,0.9642857142857143,0.8814814814814815,0.9425925925925925,1.0,0.9285714285714286,0.9629629629629629,1.0,1.0,2,0,1,13
classical,svm_rbf,-,13,3,26,16,ok,,0.8125,0.8928571428571428,0.7257142857142858,0.8414285714285714,1.0,0.7857142857142857,0.88,1.0,1.0,2,0,3,11
classical,xgboost,-,13,3,26,16,ok,,0.875,0.9285714285714286,0.7948717948717949,0.8910256410256411,1.0,0.8571428571428571,0.9230769230769231,0.9642857142857143,0.9952380952380951,2,0,2,12
classical,logistic_regression,-,13,4,26,16,ok,,0.9375,0.9642857142857143,0.8814814814814815,0.9425925925925925,1.0,0.9285714285714286,0.9629629629629629,1.0,0.9999999999999998,2,0,1,13
classical,svm_rbf,-,13,4,26,16,ok,,0.8125,0.8928571428571428,0.7257142857142858,0.8414285714285714,1.0,0.7857142857142857,0.88,1.0,0.9999999999999998,2,0,3,11
classical,xgboost,-,13,4,26,16,ok,,0.875,0.9285714285714286,0.7948717948717949,0.8910256410256411,1.0,0.8571428571428571,0.9230769230769231,0.9821428571428572,0.9952380952380953,2,0,2,12
classical,logistic_regression,-,13,5,26,16,ok,,1.0,1.0,1.0,1.0,1.0,1.0,1.0,1.0,1.0,2,0,0,14
classical,svm_rbf,-,13,5,26,16,ok,,0.8125,0.8928571428571428,0.7257142857142858,0.8414285714285714,1.0,0.7857142857142857,0.88,1.0,1.0,2,0,3,11
classical,xgboost,-,13,5,26,16,ok,,0.8125,0.6785714285714286,0.6444444444444444,0.8277777777777777,0.9230769230769231,0.8571428571428571,0.8888888888888888,0.9285714285714286,0.9901360544217688,1,1,2,12
classical,logistic_regression,-,13,6,26,16,ok,,1.0,1.0,1.0,1.0,1.0,1.0,1.0,1.0,0.9999999999999998,2,0,0,14
classical,svm_rbf,-,13,6,26,16,ok,,0.75,0.8571428571428572,0.6666666666666667,0.7916666666666667,1.0,0.7142857142857143,0.8333333333333334,1.0,0.9999999999999998,2,0,4,10
classical,xgboost,-,13,6,26,16,ok,,1.0,1.0,1.0,1.0,1.0,1.0,1.0,1.0,0.9999999999999998,2,0,0,14
classical,logistic_regression,-,13,7,26,16,ok,,0.9375,0.9642857142857143,0.8814814814814815,0.9425925925925925,1.0,0.9285714285714286,0.9629629629629629,1.0,1.0,2,0,1,13
classical,svm_rbf,-,13,7,26,16,ok,,0.75,0.8571428571428572,0.6666666666666667,0.7916666666666667,1.0,0.7142857142857143,0.8333333333333334,1.0,1.0,2,0,4,10
classical,xgboost,-,13,7,26,16,ok,,0.875,0.9285714285714286,0.7948717948717949,0.8910256410256411,1.0,0.8571428571428571,0.9230769230769231,0.9107142857142857,0.9859693877551021,2,0,2,12
classical,logistic_regression,-,13,8,26,16,ok,,0.9375,0.9642857142857143,0.8814814814814815,0.9425925925925925,1.0,0.9285714285714286,0.9629629629629629,1.0,0.9999999999999998,2,0,1,13
classical,svm_rbf,-,13,8,26,16,ok,,0.875,0.9285714285714286,0.7948717948717949,0.8910256410256411,1.0,0.8571428571428571,0.9230769230769231,1.0,0.9999999999999998,2,0,2,12
classical,xgboost,-,13,8,26,16,ok,,0.875,0.9285714285714286,0.7948717948717949,0.8910256410256411,1.0,0.8571428571428571,0.9230769230769231,0.9285714285714286,0.9821428571428572,2,0,2,12
classical,logistic_regression,-,13,9,26,16,ok,,1.0,1.0,1.0,1.0,1.0,1.0,1.0,1.0,1.0,2,0,0,14
classical,svm_rbf,-,13,9,26,16,ok,,1.0,1.0,1.0,1.0,1.0,1.0,1.0,1.0,1.0,2,0,0,14
classical,xgboost,-,13,9,26,16,ok,,0.875,0.9285714285714286,0.7948717948717949,0.8910256410256411,1.0,0.8571428571428571,0.9230769230769231,0.9285714285714286,0.9821428571428572,2,0,2,12
classical,logistic_regression,-,13,10,26,16,ok,,1.0,1.0,1.0,1.0,1.0,1.0,1.0,1.0,0.9999999999999998,2,0,0,14
classical,svm_rbf,-,13,10,26,16,ok,,1.0,1.0,1.0,1.0,1.0,1.0,1.0,1.0,0.9999999999999998,2,0,0,14
classical,xgboost,-,13,10,26,16,ok,,0.8125,0.6785714285714286,0.6444444444444444,0.8277777777777777,0.9230769230769231,0.8571428571428571,0.8888888888888888,0.8571428571428572,0.9804748822605965,1,1,2,12
