npy_row,sample_name,label,target,classical_logistic_regression_prediction,classical_logistic_regression_yes_probability,classical_svm_rbf_prediction,classical_svm_rbf_yes_probability,classical_xgboost_prediction,classical_xgboost_yes_probability,joint_ssl_frozen_prediction,joint_ssl_frozen_yes_probability,joint_ssl_unfreeze_last_1_prediction,joint_ssl_unfreeze_last_1_yes_probability,joint_ssl_unfreeze_last_2_prediction,joint_ssl_unfreeze_last_2_yes_probability,joint_ssl_unfreeze_last_3_prediction,joint_ssl_unfreeze_last_3_yes_probability
0,breast cancer_IP3R 1,Yes,1,Yes,0.9432424927330942,Yes,0.9354662234928413,Yes,0.9453508853912354,Yes,0.9999092817306519,Yes,0.9999614953994751,Yes,0.9999860525131226,Yes,0.999991774559021
1,breast cancer_IP3R 2,Yes,1,Yes,0.9954483564498682,Yes,0.923232086625108,Yes,0.98195880651474,Yes,0.9998400211334229,Yes,0.9999363422393799,Yes,0.9999691247940063,Yes,0.9999706745147705
2,breast cancer_IP3R 3,Yes,1,Yes,0.9879132098961546,Yes,0.9773217492722814,Yes,0.9371469020843506,Yes,0.9999381303787231,Yes,0.9999579191207886,Yes,0.9999741315841675,Yes,0.9999819993972778
3,breast cancer_IP3R 4,Yes,1,Yes,0.9982951219445084,Yes,0.955935839697766,Yes,0.9639095664024353,Yes,0.9950944185256958,Yes,0.9981608986854553,Yes,0.997430145740509,Yes,0.9966807961463928
4,breast cancer_IP3R 5,Yes,1,Yes,0.9998116316087207,Yes,0.9902278299888149,Yes,0.981563925743103,Yes,0.9758986234664917,Yes,0.9897322058677673,Yes,0.9894997477531433,Yes,0.9927253723144531
5,breast cancer_IP3R 6,Yes,1,Yes,0.9958220333901651,Yes,0.9408429316977698,Yes,0.981804370880127,Yes,0.9751323461532593,Yes,0.9844726920127869,Yes,0.9915564060211182,Yes,0.9975288510322571
6,breast cancer_IP3R 7,Yes,1,Yes,0.9602058665946063,Yes,0.7909936931644134,Yes,0.9278293251991272,Yes,0.8372551202774048,Yes,0.8277344107627869,Yes,0.8804739117622375,Yes,0.9256411194801331
7,breast cancer_IP3R 8,Yes,1,Yes,0.9988445313434547,Yes,0.9845801736210337,Yes,0.9830187559127808,Yes,0.8641270995140076,Yes,0.9173973798751831,Yes,0.9407544732093811,Yes,0.9480487108230591
8,breast cancer_IP3R 9,Yes,1,Yes,0.9999858602622129,Yes,0.995332382474455,Yes,0.9830187559127808,Yes,0.9710261225700378,Yes,0.9921407103538513,Yes,0.9939777851104736,Yes,0.9867472648620605
9,breast cancer_IP3R 10,Yes,1,Yes,0.9987534125228683,Yes,0.9880371371017146,Yes,0.9814261198043823,Yes,0.9999485015869141,Yes,0.9999711513519287,Yes,0.9999829530715942,Yes,0.9999891519546509
10,breast cancer_IP3R 11,Yes,1,Yes,1.0,Yes,0.9781832282024809,Yes,0.7930848002433777,Yes,0.9997891783714294,Yes,0.9997624754905701,Yes,0.9998449087142944,Yes,0.9998737573623657
11,breast cancer_IP3R 12,Yes,1,Yes,0.9665461662058579,Yes,0.8006983488034067,Yes,0.9660537838935852,Yes,0.785859227180481,Yes,0.8401894569396973,Yes,0.8087686896324158,Yes,0.807437539100647
12,breast cancer_IP3R 13,Yes,1,Yes,0.9999654164631218,Yes,0.9965747359461612,Yes,0.9751821160316467,No,0.4468117654323578,Yes,0.5380382537841797,No,0.48668214678764343,Yes,0.5049794316291809
13,breast cancer_IP3R 14,Yes,1,Yes,0.9965423561058928,Yes,0.941623779447546,Yes,0.9747946262359619,Yes,0.9549651741981506,Yes,0.9665759205818176,Yes,0.9751064777374268,Yes,0.9743063449859619
14,breast cancer_IP3R 15,Yes,1,Yes,0.9540168648636372,Yes,0.8423966849368015,Yes,0.9705133438110352,Yes,0.9223774671554565,Yes,0.9670648574829102,Yes,0.951362133026123,Yes,0.9618735313415527
15,breast cancer_IP3R 16,Yes,1,Yes,0.9999387828626413,Yes,0.9890151452837452,Yes,0.8280416131019592,Yes,0.9999730587005615,Yes,0.9999854564666748,Yes,0.9999909400939941,Yes,0.9999866485595703
16,breast cancer_IP3R 17,Yes,1,Yes,0.982918983567976,Yes,0.8793355466123812,Yes,0.9830814003944397,Yes,0.9984228610992432,Yes,0.9990249872207642,Yes,0.9994327425956726,Yes,0.9997355341911316
17,breast cancer_IP3R 18,Yes,1,Yes,0.999905131038791,Yes,0.9775523911132388,Yes,0.9648804664611816,Yes,0.9837949275970459,Yes,0.9878331422805786,Yes,0.9939079284667969,Yes,0.9978107810020447
18,breast cancer_IP3R 19,Yes,1,Yes,0.8509608727331924,Yes,0.6508616221822896,Yes,0.5815512537956238,Yes,0.5591761469841003,Yes,0.5889862179756165,Yes,0.5996223092079163,Yes,0.5738919377326965
19,breast cancer_IP3R 20,Yes,1,Yes,0.7425250652234887,Yes,0.41532143727261,Yes,0.7028211951255798,Yes,0.6983599066734314,Yes,0.6814430952072144,Yes,0.7338675260543823,Yes,0.7458888292312622
20,breast cancer_IP3R 21,Yes,1,Yes,0.9999866838255733,Yes,0.9643301095903029,Yes,0.9409469366073608,Yes,0.9998288154602051,Yes,0.9999313354492188,Yes,0.9999072551727295,Yes,0.9999247789382935
21,breast cancer_IP3R 22,Yes,1,Yes,0.995822033390166,Yes,0.9486378218808706,Yes,0.9819244146347046,Yes,0.9592537879943848,Yes,0.9819245338439941,Yes,0.990666925907135,Yes,0.995537281036377
22,breast cancer_IP3R 23,Yes,1,Yes,0.9972438636212809,Yes,0.9850232559342497,Yes,0.9830491542816162,Yes,0.9855502843856812,Yes,0.9871086478233337,Yes,0.9832699298858643,Yes,0.9755046367645264
23,breast cancer_IP3R 24,Yes,1,Yes,0.9919482317240879,Yes,0.9489890986286139,Yes,0.9544064998626709,Yes,0.9914358258247375,Yes,0.9911611080169678,Yes,0.9948306679725647,Yes,0.996061384677887
24,breast cancer_IP3R 25,Yes,1,Yes,0.9983211730566756,Yes,0.9323432490822594,Yes,0.9738897085189819,Yes,0.9344915151596069,Yes,0.9100151658058167,Yes,0.9548311829566956,Yes,0.9888569712638855
25,breast cancer_IP3R 26,Yes,1,Yes,0.5721958688403272,Yes,0.8024814543826903,No,0.10410560667514801,No,0.0978047326207161,No,0.0408678762614727,No,0.027939777821302414,No,0.011751266196370125
26,breast cancer_IP3R 27,Yes,1,Yes,0.9050338574321444,Yes,0.896228977128773,No,0.12574566900730133,No,0.060643624514341354,No,0.07936230301856995,No,0.04349331557750702,No,0.028122959658503532
27,control _1,No,0,No,0.135023309340383,No,0.021531874884570763,Yes,0.6606748104095459,Yes,0.9048693776130676,Yes,0.8010054230690002,Yes,0.8516898155212402,Yes,0.9518837928771973
28,control _2,No,0,No,0.30868572346852835,Yes,0.5526011552453431,Yes,0.6955769062042236,No,0.06542472541332245,No,0.04379187896847725,No,0.03724248707294464,No,0.03167581558227539
29,control _3,No,0,No,0.012178642312667564,No,0.04630977786744717,No,0.07223159074783325,No,0.40936827659606934,No,0.3175799548625946,No,0.24395859241485596,No,0.2765842378139496
30,control _4,No,0,No,0.01116053138408356,No,0.05575747631448207,No,0.0782153308391571,No,0.07177537679672241,No,0.02304770238697529,No,0.01386676449328661,No,0.005088973790407181
31,control _5,No,0,No,0.007948776768276215,No,0.008033027594885825,No,0.18604961037635803,No,0.28335335850715637,No,0.1377267837524414,No,0.16013561189174652,No,0.18230734765529633
32,control _6,No,0,No,0.0003441011510778784,No,0.003500947942426005,No,0.08869144320487976,No,0.02557070180773735,No,0.01940240152180195,No,0.005480152554810047,No,0.004391583614051342
33,control _7,No,0,No,0.0003008906967443596,No,0.0034222132212154296,No,0.3023204803466797,No,0.12039607018232346,No,0.07720460742712021,No,0.019065145403146744,No,0.006620032247155905
34,control _8,No,0,No,0.0006266062130419257,No,0.00488917655367156,No,0.09750211983919144,No,0.09252697974443436,No,0.06835294514894485,No,0.04661749675869942,No,0.037714991718530655
35,control _9,No,0,No,0.0014179772219192453,No,0.004349896731374953,No,0.05857643112540245,No,0.13508658111095428,No,0.08612444996833801,No,0.03688228502869606,No,0.01474948413670063
36,control _10,No,0,No,0.003307185181431599,No,0.00806359853997192,No,0.1583939641714096,No,0.11060120165348053,No,0.09911000728607178,No,0.04322400689125061,No,0.05881877616047859
37,control _11,No,0,No,0.015907107162158592,No,0.1811614787079458,No,0.07982643693685532,Yes,0.6661457419395447,Yes,0.771770179271698,Yes,0.7252699732780457,Yes,0.7757418751716614
38,control _12,No,0,No,0.027202726968447905,No,0.16539166782169856,No,0.10029387474060059,No,0.07464154809713364,No,0.055251915007829666,No,0.04001714289188385,No,0.028610246255993843
39,control _13,No,0,No,0.055971257660422616,Yes,0.275732510132789,No,0.060788579285144806,No,0.01032760739326477,No,0.005824988707900047,No,0.0035141354892402887,No,0.0008798057679086924
40,control _14,No,0,No,0.04546011439048776,Yes,0.2529018386019384,No,0.15502053499221802,Yes,0.8018586039543152,Yes,0.7740545272827148,Yes,0.8085442781448364,Yes,0.9309857487678528
41,control _15,No,0,No,0.05597125766039632,Yes,0.2770683274666987,No,0.05825303867459297,No,0.01029390562325716,No,0.002978239208459854,No,0.0016956183826550841,No,0.001003759098239243
