row_index,input_min,input_max,input_range,constant_row
0,-0.00041846142709817173,0.009271640789349042,0.009690102216447213,False
1,-0.000532404682542247,0.010836851365067079,0.011369256047609326,False
2,-2.335158718426053e-05,0.08960475658421121,0.08962810817139548,False
3,-4.746351416668177e-06,0.005810917659031254,0.005815664010447922,False
4,-8.466263225584774e-05,0.11446068289053914,0.11454534552279498,False
5,-5.928520927539656e-06,0.006551125122679321,0.006557053643606861,False
6,-3.100988805837098e-06,0.0025869847815427945,0.0025900857703486315,False
7,-0.0006821295374972287,0.007379727004452833,0.008061856541950062,False
8,-0.00038517994291219194,0.006466441456906619,0.006851621399818811,False
9,-0.000838904932136474,0.01120552302201521,0.012044427954151683,False
10,-0.00048419172415725063,0.005966388582358157,0.006450580306515408,False
11,-0.00023500902393730152,0.006632909119360234,0.006867918143297535,False
12,-5.44752390983811e-05,0.0325592399126421,0.032613715151740476,False
13,-0.0018090182992591326,0.03281358805175851,0.034622606351017646,False
14,-4.5575845816221895e-05,0.10566934875477049,0.10571492460058672,False
15,-0.0046371781043642105,0.045287048248135064,0.049924226352499275,False
16,-0.00046898319178909314,0.0172262545698645,0.017695237761653593,False
17,-0.00023553752985286877,0.06238444399124087,0.06261998152109374,False
18,-0.00016586579381253292,0.058122014519307166,0.0582878803131197,False
19,-8.430512992345272e-05,0.20030955544188397,0.20039386057180741,False
20,-0.00013159134408453638,0.0626957791503914,0.06282737049447594,False
21,-0.002152803397031288,0.060480499518537574,0.06263330291556886,False
22,-4.889373815015928e-06,0.007764276310320576,0.007769165684135592,False
23,-0.0002312679802028369,0.09008532554848679,0.09031659352868963,False
24,-4.748188075903961e-05,0.07375067281840879,0.07379815469916783,False
25,-0.0014416133497411566,0.006635015505862788,0.008076628855603944,False
26,-0.0007975467050805057,0.039024482055384085,0.03982202876046459,False
27,-4.0723701772131633e-05,0.007725734082740175,0.007766457784512307,False
28,-8.655217143602404e-05,0.008087199228986538,0.008173751400422561,False
29,-1.0101580217032506e-05,0.020508727769407185,0.020518829349624217,False
30,-6.97779901174974e-05,0.06010813320266851,0.060177911192786,False
31,-0.00010968417435218577,0.060276325305923195,0.06038600948027538,False
32,-8.19147510178358e-05,0.06819973900549979,0.06828165375651762,False
33,-0.00025823036584667145,0.20197924280030016,0.20223747316614685,False
34,-0.002343253830491953,0.04577196423793363,0.048115218068425586,False
35,-0.0036754217976717575,0.045129649879334044,0.048805071677005804,False
36,-0.00010851584805166092,0.007262915933024027,0.007371431781075688,False
37,-0.00025939506899347754,0.26102627829610403,0.2612856733650975,False
38,-0.0001902973595723262,0.014327023046005591,0.014517320405577917,False
39,-0.0003028712134957909,0.07775911775753876,0.07806198897103454,False
40,-0.0013876323217678745,0.09004211372429673,0.0914297460460646,False
41,-2.35273150579725e-05,0.09356322338186936,0.09358675069692733,False
42,-0.00021124505860650413,0.10118667355464343,0.10139791861324994,False
43,-7.595314007464718e-06,0.05083148582103119,0.050839081135038655,False
44,-0.0001658761933984744,0.16411140438803987,0.16427728058143834,False
45,-4.8753573987181114e-05,0.0789909673974081,0.07903972097139528,False
46,-0.00014871254871036426,0.128846581082134,0.1289952936308444,False
47,-5.455750582248387e-05,0.06708973456246274,0.06714429206828522,False
48,-0.0001166302205038349,0.08048976027878736,0.08060639049929119,False
49,-6.932873039563499e-05,0.09700436524481457,0.0970736939752102,False
50,-6.982518874655071e-05,0.06153082272800582,0.06160064791675237,False
51,-0.001280800411572033,0.12624949066448587,0.1275302910760579,False
52,-4.091658267875201e-05,1.0,1.0000409165826787,False
53,-0.0026122822542305334,0.03727153133096706,0.039883813585197596,False
54,-0.000342478676795374,0.06592594574639271,0.06626842442318809,False
55,-0.00014191782975865757,0.09584439502049041,0.09598631285024907,False
56,-0.0015652719725709723,0.4143782433438022,0.41594351531637314,False
57,-6.685197919093843e-05,0.10477981124082371,0.10484666322001465,False
58,-0.00017183967703000605,0.003849588746069476,0.004021428423099482,False
59,0.0,0.002593133059124156,0.002593133059124156,False
60,-0.0001947619780065117,0.08531966076678116,0.08551442274478767,False
61,-0.0003843870085698145,0.23721730073915132,0.23760168774772114,False
62,-6.810147861709533e-05,0.060179338158615064,0.06024743963723216,False
63,-0.004337041693861085,1.0,1.004337041693861,False
64,-6.406717719951137e-05,0.10809229280942978,0.10815635998662929,False
65,-2.982516254440151e-05,0.05428797912585703,0.05431780428840143,False
66,-0.00020787294461474816,0.09316900675102714,0.09337687969564189,False
67,-5.555006861777341e-05,0.09542985882499898,0.09548540889361676,False
68,-0.00017052668496733123,0.094555421726107,0.09472594841107433,False
69,-0.0025007748159846586,0.042081606090586414,0.04458238090657107,False
70,-0.005212180796433837,0.06620633285824332,0.07141851365467715,False
71,-7.733824060684209e-05,0.06757579199797042,0.06765313023857726,False
72,-3.101691430895391e-05,0.13589288749276704,0.135923904407076,False
73,-9.880796079735363e-05,0.09156287425966368,0.09166168222046103,False
74,-0.00013505529315935847,0.07102370285711232,0.07115875815027167,False
75,-0.0005180669698882023,0.07851042191471064,0.07902848888459885,False
76,-0.001324485610739351,0.029577304244632577,0.03090178985537193,False
77,-0.0015481340775805666,0.058391451096862605,0.05993958517444317,False
78,-0.0008465049958069723,0.03979678491175123,0.0406432899075582,False
79,-0.0037187161086040537,0.07896193023602163,0.08268064634462569,False
80,-9.818161315569325e-05,0.06757481910205942,0.06767300071521512,False
81,-7.823313938425962e-05,0.057812192537132295,0.05789042567651655,False
82,-5.810724545525664e-05,0.06036987869160497,0.060427985937060225,False
83,-0.00015137954228428805,0.16049337536460373,0.160644754906888,False
84,0.0,0.004580076053165188,0.004580076053165188,False
85,-0.0001427587417010408,0.07588068401953366,0.0760234427612347,False
86,-0.000790949003492408,0.17254630723643088,0.1733372562399233,False
87,-0.0030992773934190544,0.054617179440582975,0.057716456834002026,False
88,-0.00018249333404659818,0.007770937121169004,0.007953430455215602,False
89,-0.007433472782367742,0.10967143492099192,0.11710490770335966,False
90,-0.0005894009773255639,0.00638778774423055,0.006977188721556114,False
91,-2.209967526550799e-05,0.07598354437874176,0.07600564405400727,False
92,-0.00016713035912949736,0.13104105245970218,0.13120818281883168,False
93,-0.0002943181369139819,0.005344375402435979,0.005638693539349961,False
94,-4.575047431598781e-05,0.0037579658767101206,0.0038037163510261083,False
95,-0.002007710510174606,0.052126904573664264,0.05413461508383887,False
96,-0.00010423508600646456,0.07402783430396594,0.0741320693899724,False
97,-0.001676165862967974,0.027706680085890015,0.02938284594885799,False
98,-3.3113034873893384e-05,0.061468673897864146,0.06150178693273804,False
99,-0.0002609756822629874,0.009944431545662503,0.01020540722792549,False
100,-0.00842552764970108,0.08646335093623807,0.09488887858593914,False
101,-9.558440392419666e-07,0.005852571260340671,0.0058535271043799126,False
102,-9.137794803364791e-05,0.09491151360648906,0.0950028915545227,False
103,-0.00013806579891949717,0.07174408862323199,0.07188215442215148,False
104,-6.993488770377722e-05,0.09489949430451025,0.09496942919221403,False
105,-0.0015944449039762888,0.08622097986955982,0.0878154247735361,False
106,-0.0022448386170623525,0.06282107332463617,0.06506591194169853,False
107,-0.00415080818974952,0.04631085252635999,0.05046166071610951,False
108,-0.0008405004608146351,0.022689708090643586,0.02353020855145822,False
109,-0.00020242321231830646,0.08011325888027808,0.08031568209259639,False
110,-0.0008083894897772185,0.024141298437050696,0.024949687926827915,False
111,-0.001800246123113919,0.0758130117324149,0.07761325785552882,False
112,-1.5651977851661043e-05,0.010178181842167521,0.010193833820019182,False
113,-4.863625487390504e-05,0.08138877114108442,0.08143740739595833,False
114,-0.0032822921859973226,0.06595365017027287,0.06923594235627019,False
115,-6.205442846025904e-05,0.0750520208861138,0.07511407531457406,False
116,-0.00014292348083899884,0.09617559885304626,0.09631852233388526,False
117,-0.004236103219954712,0.049053543114617855,0.05328964633457257,False
118,-0.006918653203781452,0.09160940844515823,0.09852806164893968,False
119,-0.0001776716313302441,0.2080802658581402,0.20825793748947047,False
120,-0.0001233602740108983,0.1708203429266545,0.17094370320066538,False
121,-0.00012902879499277465,0.09123150810656275,0.09136053690155552,False
122,-0.003977302460921171,0.08026001684142015,0.08423731930234132,False
123,-0.0004991048750383551,0.07275556088686126,0.07325466576189962,False
124,-0.010550518333634785,0.2029454009914469,0.2134959193250817,False
125,-3.7180069159499606e-05,0.19868494457610386,0.19872212464526337,False
126,-0.0007999663294971555,0.023611750664707377,0.02441171699420453,False
127,-0.0004862044132164698,0.07410970564148471,0.07459591005470118,False
128,-0.005120175662916462,0.07103488159388918,0.07615505725680564,False
129,-0.00011136268476731525,0.15141139213710372,0.15152275482187103,False
130,-0.0027369021169970286,0.05692653653567507,0.059663438652672096,False
131,-6.933307126363041e-05,0.20461385566986456,0.2046831887411282,False
132,-0.00024088503940072775,0.09974822142887263,0.09998910646827336,False
133,-0.00018933823975513255,0.05872314199819228,0.05891248023794741,False
134,-7.75932427253223e-05,0.054703844932190465,0.054781438174915785,False
135,-0.0019047823142741517,0.05232348211288467,0.05422826442715882,False
136,-0.006940061303337108,0.0939944874192062,0.1009345487225433,False
137,-0.0019169409280530144,0.03173298101255717,0.033649921940610186,False
138,-0.00023008732890630076,0.10470556493631697,0.10493565226522326,False
139,-0.0010011023588605383,0.01467725512342011,0.015678357482280646,False
140,-0.00013804691116403668,0.0557354026389324,0.05587344955009644,False
141,-3.3255474547689e-05,0.2765095646580078,0.2765428201325555,False
